id,status,covered,parse_status,has_error,verdict,first_error_step_id,expected_verdict,expected_first_error_step,parsed_steps,total_steps,latency_ms,wall_ms
img_400_pert_5.1,UNSUPPORTED,False,PARSE_FAILED,,indeterminate,,correct,,3,4,177.678,813.499
img_374_pert_5.1,UNSUPPORTED,False,PARSE_FAILED,,indeterminate,,correct,,0,6,178.176,796.791
img_19_pert_5.1,UNSUPPORTED,False,PARSE_FAILED,True,indeterminate,,correct,,4,6,212.51,865.847
img_559_pert_5.1,VALID,True,OK,False,correct,,correct,,1,1,36.564,680.129
img_464_pert_5.1,VALID,True,OK,False,correct,,correct,,1,1,198.856,798.297
img_387_pert_5.1,UNSUPPORTED,False,OK,True,incorrect,s2,correct,,2,2,500.235,1090.851
img_22_pert_5.1,UNSUPPORTED,False,PARSE_FAILED,True,indeterminate,,correct,,3,5,191.205,781.271
img_568_pert_5.2,INVALID,True,OK,True,incorrect,s1,correct,,1,1,177.282,768.564
img_482_pert_5.2,UNSUPPORTED,False,PARSE_FAILED,,indeterminate,,correct,,0,1,3.361,594.755
img_559_pert_5.2,UNSUPPORTED,False,OK,,indeterminate,,correct,,1,1,2.925,589.361
img_448_pert_5.2,UNSUPPORTED,False,OK,,indeterminate,,correct,,6,6,41.257,627.728
img_173_pert_5.3,VALID,True,OK,False,correct,,correct,,2,2,77.206,672.276
img_165_pert_5.3,UNSUPPORTED,False,OK,True,incorrect,s3,correct,,8,8,261.449,854.988
img_193_pert_5.3,VALID,True,OK,False,correct,,correct,,1,1,46.36,631.499
img_375_pert_5.3,UNSUPPORTED,False,PARSE_FAILED,True,indeterminate,,correct,,4,8,56.321,652.203
img_233_pert_3.2,INVALID,True,OK,True,incorrect,s1,incorrect,s1,2,2,179.107,773.223
img_190_pert_3.2,INVALID,True,OK,True,incorrect,s1,incorrect,s1,1,1,33.916,621.273
img_559_pert_3.2,INVALID,True,OK,True,incorrect,s1,incorrect,s1,1,1,38.865,628.97
img_172_pert_3.2,VALID,True,OK,False,correct,,incorrect,s2,3,3,83.393,671.927
img_586_pert_3.2,INVALID,True,OK,True,incorrect,s2,incorrect,s2,6,6,61.68,657.075
img_448_pert_3.2,UNSUPPORTED,False,PARSE_FAILED,,indeterminate,,incorrect,s5,5,6,56.269,665.167
img_173_pert_2.5,INVALID,True,OK,True,incorrect,s1,incorrect,s1,2,2,61.71,656.212
img_35_pert_2.5,UNSUPPORTED,False,OK,True,incorrect,s1,incorrect,s2,2,2,194.651,795.561
img_375_pert_2.5,UNSUPPORTED,False,PARSE_FAILED,True,indeterminate,,incorrect,s4,3,7,55.899,714.666
img_574_pert_2.5,UNSUPPORTED,False,OK,True,indeterminate,,incorrect,s6,8,8,300.373,1000.2
img_395_pert_2.5,UNSUPPORTED,False,OK,True,incorrect,s2,incorrect,s2,2,2,731.593,1414.874
img_68_pert_2.5,INVALID,True,OK,True,incorrect,s1,incorrect,s1,1,1,396.283,1084.319
img_111_pert_1.3,UNSUPPORTED,False,OK,True,incorrect,s2,incorrect,s2,3,3,3402.223,3987.262
img_463_pert_1.3,UNSUPPORTED,False,PARSE_FAILED,True,incorrect,s2,incorrect,s2,4,5,214.746,822.732
img_465_pert_1.3,UNSUPPORTED,False,PARSE_FAILED,,indeterminate,,incorrect,s7,9,10,215.982,804.705
img_108_pert_1.4,VALID,True,OK,False,correct,,incorrect,s1,1,1,188.534,772.73
img_427_pert_1.4,UNSUPPORTED,False,PARSE_FAILED,,indeterminate,,incorrect,s2,1,4,152.469,733.718
img_472_pert_1.4,UNSUPPORTED,False,PARSE_FAILED,,indeterminate,,incorrect,s2,2,4,36.545,622.992
img_503_pert_1.4,UNSUPPORTED,False,PARSE_FAILED,True,incorrect,s1,incorrect,s1,0,4,182.898,772.171
img_466_pert_1.4,UNSUPPORTED,False,OK,True,incorrect,s4,incorrect,s4,10,10,334.139,919.691
img_111_pert_2.1,UNSUPPORTED,False,OK,True,incorrect,s2,incorrect,s2,3,3,3186.028,3767.486
img_98_pert_2.1,UNSUPPORTED,False,NOT_MEASURED,,indeterminate,,incorrect,s2,,5,,10033.963
img_372_pert_2.1,UNSUPPORTED,False,PARSE_FAILED,,indeterminate,,incorrect,s2,0,4,181.322,789.667
img_109_pert_2.1,UNSUPPORTED,False,PARSE_FAILED,True,incorrect,s1,incorrect,s1,0,2,169.568,803.14
img_223_pert_2.2,INVALID,True,OK,True,incorrect,s1,incorrect,s1,1,1,159.801,761.014
img_465_pert_2.2,UNSUPPORTED,False,PARSE_FAILED,,indeterminate,,incorrect,s4,8,9,191.506,775.736
img_529_pert_2.2,UNSUPPORTED,False,OK,,indeterminate,,incorrect,s1,1,1,154.596,746.929
img_573_pert_2.2,INVALID,True,OK,True,incorrect,s2,incorrect,s2,5,5,237.476,828.25
img_226_pert_2.2,INVALID,True,OK,True,incorrect,s1,incorrect,s1,1,1,238.431,830.08
img_176_pert_4.3,UNSUPPORTED,False,OK,,indeterminate,,correct,,8,8,206.741,806.031
img_92_pert_4.3,UNSUPPORTED,False,OK,True,incorrect,s1,correct,,3,3,180.694,766.385
img_91_pert_2.3,UNSUPPORTED,False,NOT_MEASURED,,indeterminate,,incorrect,s6,,7,,10026.805
img_112_pert_4.4,UNSUPPORTED,False,NOT_MEASURED,,indeterminate,,incorrect,s4,,4,,10032.125
img_115_pert_4.4,VALID,True,OK,False,correct,,incorrect,s1,1,1,154.847,745.465
img_529_pert_4.5,VALID,True,OK,False,correct,,incorrect,s1,2,2,157.283,749.161
img_160_pert_2.4,INVALID,True,OK,True,incorrect,s1,incorrect,s1,1,1,141.461,719.228
img_560_pert_1.5,UNSUPPORTED,False,OK,True,indeterminate,,incorrect,s3,4,4,314.537,1021.277
img_465_pert_1.5,UNSUPPORTED,False,PARSE_FAILED,True,indeterminate,,incorrect,s2,8,9,569.04,2054.279
img_540_pert_1.5,UNSUPPORTED,False,PARSE_FAILED,,indeterminate,,incorrect,s3,2,4,401.502,1081.999
img_153_pert_1.5,INVALID,True,OK,True,incorrect,s1,incorrect,s1,1,1,61.378,799.067
img_194_pert_1.5,UNSUPPORTED,False,OK,True,incorrect,s1,incorrect,s2,3,3,218.905,1025.146
img_220_pert_1.5,INVALID,True,OK,True,incorrect,s1,incorrect,s1,1,1,163.501,962.814
img_220_pert_4.6,UNSUPPORTED,False,OK,,indeterminate,,incorrect,s1,1,1,174.36,828.818
img_476_pert_5.1,UNSUPPORTED,False,PARSE_FAILED,,indeterminate,,correct,,0,4,3.068,648.437
img_579_pert_5.1,UNSUPPORTED,False,OK,True,indeterminate,,correct,,5,5,209.821,838.343
img_578_pert_5.1,UNSUPPORTED,False,NOT_MEASURED,,indeterminate,,correct,,,2,,604.35
img_489_pert_5.1,VALID,True,OK,False,correct,,correct,,3,3,181.619,766.332
img_490_pert_5.1,VALID,True,OK,False,correct,,correct,,3,3,179.021,762.929
img_483_pert_5.1,VALID,True,OK,False,correct,,correct,,3,3,356.942,1032.281
img_592_pert_5.1,UNSUPPORTED,False,OK,True,incorrect,s2,correct,,4,4,337.241,1080.498
img_456_pert_5.1,UNSUPPORTED,False,OK,,indeterminate,,correct,,2,2,5.707,764.502
img_455_pert_5.1,UNSUPPORTED,False,OK,,indeterminate,,correct,,4,4,247.359,1285.406
img_458_pert_5.1,UNSUPPORTED,False,PARSE_FAILED,True,incorrect,s1,correct,,1,4,216.147,1080.836
img_566_pert_5.1,UNSUPPORTED,False,PARSE_FAILED,True,incorrect,s2,correct,,2,3,532.411,1428.752
img_572_pert_5.1,UNSUPPORTED,False,OK,,indeterminate,,correct,,3,3,212.97,980.065
img_65_pert_5.1,UNSUPPORTED,False,OK,,indeterminate,,correct,,3,3,313.748,1023.334
img_27_pert_5.1,VALID,True,OK,False,correct,,correct,,2,2,40.77,781.176
img_14_pert_5.1,UNSUPPORTED,False,OK,,indeterminate,,correct,,4,4,60.61,803.3
img_49_pert_5.1,UNSUPPORTED,False,PARSE_FAILED,True,incorrect,s1,correct,,3,4,210.685,964.446
img_77_pert_5.1,INVALID,True,OK,True,incorrect,s2,correct,,2,2,205.325,882.09
img_78_pert_5.1,INVALID,True,OK,True,incorrect,s1,correct,,1,1,181.494,847.428
img_37_pert_5.1,UNSUPPORTED,False,PARSE_FAILED,True,indeterminate,,correct,,1,2,167.433,783.058
img_20_pert_5.1,UNSUPPORTED,False,PARSE_FAILED,,indeterminate,,correct,,2,4,177.343,741.355
img_492_pert_5.1,UNSUPPORTED,False,PARSE_FAILED,,indeterminate,,correct,,5,6,169.462,741.035
img_488_pert_5.1,UNSUPPORTED,False,OK,True,indeterminate,,correct,,9,9,239.031,792.891
