solution_id,image_path,domain,features,notes
img_400_pert_5.1,../../data/images/img_400_pert_5.1.png,,,
img_374_pert_5.1,../../data/images/img_374_pert_5.1.png,,,
img_480_pert_5.1,../../data/images/img_480_pert_5.1.png,,,
img_19_pert_5.1,../../data/images/img_19_pert_5.1.png,,,
img_494_pert_5.1,../../data/images/img_494_pert_5.1.png,,,
img_559_pert_5.1,../../data/images/img_559_pert_5.1.png,,,
img_464_pert_5.1,../../data/images/img_464_pert_5.1.png,,,
img_387_pert_5.1,../../data/images/img_387_pert_5.1.png,,,
img_22_pert_5.1,../../data/images/img_22_pert_5.1.png,,,
img_568_pert_5.2,../../data/images/img_568_pert_5.2.png,,,
img_482_pert_5.2,../../data/images/img_482_pert_5.2.png,,,
img_559_pert_5.2,../../data/images/img_559_pert_5.2.png,,,
img_448_pert_5.2,../../data/images/img_448_pert_5.2.png,,,
img_173_pert_5.3,../../data/images/img_173_pert_5.3.png,,,
img_165_pert_5.3,../../data/images/img_165_pert_5.3.png,,,
img_193_pert_5.3,../../data/images/img_193_pert_5.3.png,,,
img_375_pert_5.3,../../data/images/img_375_pert_5.3.png,,,
img_568_pert_3.1,../../data/images/img_568_pert_3.1.png,,,
img_494_pert_3.1,../../data/images/img_494_pert_3.1.png,,,
img_466_pert_3.1,../../data/images/img_466_pert_3.1.png,,,
img_542_pert_3.1,../../data/images/img_542_pert_3.1.png,,,
img_462_pert_3.1,../../data/images/img_462_pert_3.1.png,,,
img_108_pert_3.1,../../data/images/img_108_pert_3.1.png,,,
img_89_pert_3.1,../../data/images/img_89_pert_3.1.png,,,
img_559_pert_3.1,../../data/images/img_559_pert_3.1.png,,,
img_99_pert_3.1,../../data/images/img_99_pert_3.1.png,,,
img_233_pert_3.2,../../data/images/img_233_pert_3.2.png,,,
img_190_pert_3.2,../../data/images/img_190_pert_3.2.png,,,
img_559_pert_3.2,../../data/images/img_559_pert_3.2.png,,,
img_172_pert_3.2,../../data/images/img_172_pert_3.2.png,,,
img_151_pert_3.2,../../data/images/img_151_pert_3.2.png,,,
img_586_pert_3.2,../../data/images/img_586_pert_3.2.png,,,
img_448_pert_3.2,../../data/images/img_448_pert_3.2.png,,,
img_471_pert_3.2,../../data/images/img_471_pert_3.2.png,,,
img_462_pert_2.5,../../data/images/img_462_pert_2.5.png,,,
img_173_pert_2.5,../../data/images/img_173_pert_2.5.png,,,
img_35_pert_2.5,../../data/images/img_35_pert_2.5.png,,,
img_375_pert_2.5,../../data/images/img_375_pert_2.5.png,,,
img_574_pert_2.5,../../data/images/img_574_pert_2.5.png,,,
img_395_pert_2.5,../../data/images/img_395_pert_2.5.png,,,
img_494_pert_2.5,../../data/images/img_494_pert_2.5.png,,,
img_68_pert_2.5,../../data/images/img_68_pert_2.5.png,,,
img_111_pert_1.3,../../data/images/img_111_pert_1.3.png,,,
img_463_pert_1.3,../../data/images/img_463_pert_1.3.png,,,
img_465_pert_1.3,../../data/images/img_465_pert_1.3.png,,,
img_108_pert_1.4,../../data/images/img_108_pert_1.4.png,,,
img_427_pert_1.4,../../data/images/img_427_pert_1.4.png,,,
img_472_pert_1.4,../../data/images/img_472_pert_1.4.png,,,
img_96_pert_1.4,../../data/images/img_96_pert_1.4.png,,,
img_503_pert_1.4,../../data/images/img_503_pert_1.4.png,,,
img_466_pert_1.4,../../data/images/img_466_pert_1.4.png,,,
img_111_pert_2.1,../../data/images/img_111_pert_2.1.png,,,
img_98_pert_2.1,../../data/images/img_98_pert_2.1.png,,,
img_372_pert_2.1,../../data/images/img_372_pert_2.1.png,,,
img_109_pert_2.1,../../data/images/img_109_pert_2.1.png,,,
img_223_pert_2.2,../../data/images/img_223_pert_2.2.png,,,
img_465_pert_2.2,../../data/images/img_465_pert_2.2.png,,,
img_529_pert_2.2,../../data/images/img_529_pert_2.2.png,,,
img_573_pert_2.2,../../data/images/img_573_pert_2.2.png,,,
img_226_pert_2.2,../../data/images/img_226_pert_2.2.png,,,
img_176_pert_4.3,../../data/images/img_176_pert_4.3.png,,,
img_151_pert_4.3,../../data/images/img_151_pert_4.3.png,,,
img_92_pert_4.3,../../data/images/img_92_pert_4.3.png,,,
img_91_pert_2.3,../../data/images/img_91_pert_2.3.png,,,
img_373_pert_2.3,../../data/images/img_373_pert_2.3.png,,,
img_112_pert_4.4,../../data/images/img_112_pert_4.4.png,,,
img_115_pert_4.4,../../data/images/img_115_pert_4.4.png,,,
img_529_pert_4.5,../../data/images/img_529_pert_4.5.png,,,
img_157_pert_2.4,../../data/images/img_157_pert_2.4.png,,,
img_398_pert_2.4,../../data/images/img_398_pert_2.4.png,,,
img_160_pert_2.4,../../data/images/img_160_pert_2.4.png,,,
img_157_pert_1.5,../../data/images/img_157_pert_1.5.png,,,
img_225_pert_1.5,../../data/images/img_225_pert_1.5.png,,,
img_560_pert_1.5,../../data/images/img_560_pert_1.5.png,,,
img_465_pert_1.5,../../data/images/img_465_pert_1.5.png,,,
img_540_pert_1.5,../../data/images/img_540_pert_1.5.png,,,
img_153_pert_1.5,../../data/images/img_153_pert_1.5.png,,,
img_194_pert_1.5,../../data/images/img_194_pert_1.5.png,,,
img_220_pert_1.5,../../data/images/img_220_pert_1.5.png,,,
img_220_pert_4.6,../../data/images/img_220_pert_4.6.png,,,
