id,verdict,first_error_step,verified_solution_covered,task_aware_covered,fallback_reasons
img_108_pert_1.4,correct,,False,False,Unanchored mathematical statement; At least one node/edge proof is unresolved; At least one node/edge proof is unresolved; At least one node/edge proof is unresolved; At least one node/edge proof is unresolved; Task has no explicit mathematical target
img_109_pert_2.1,indeterminate,,False,False,Unsupported token '\\circ'; Unsupported input at character 15; Unsupported input at character 15; Unsupported input at character 15; Task has no explicit mathematical target
img_111_pert_1.3,indeterminate,,False,False,Requires one explicit inequality; Requires one explicit inequality; Prose/conditions are not a fully parsed mathematical step; At least one node/edge proof is unresolved; At least one node/edge proof is unresolved; At least one node/edge proof is unresolved; Prose/conditions are not a fully parsed mathematical step; At least one node/edge proof is unresolved; Requires one explicit inequality
img_111_pert_2.1,indeterminate,,False,False,Requires one explicit inequality; Requires one explicit inequality; Bare word is not an exact mathematical token; At least one node/edge proof is unresolved; At least one node/edge proof is unresolved; At least one node/edge proof is unresolved; At least one node/edge proof is unresolved; Bare word is not an exact mathematical token; At least one node/edge proof is unresolved; At least one node/edge proof is unresolved; Requires one explicit inequality
img_112_pert_4.4,indeterminate,,False,False,Unsupported input at character 33; Unsupported input at character 73; Unsupported input at character 73; Unbalanced delimiters; Continuation requires one readable dependency; Requires one explicit inequality
img_115_pert_4.4,indeterminate,,False,False,Symbolic claim has no given/dependency anchor; At least one node/edge proof is unresolved; At least one node/edge proof is unresolved; Task has no explicit mathematical target
img_14_pert_5.1,indeterminate,,False,False,Prose/conditions are not a fully parsed mathematical step; goal is unknown
img_153_pert_1.5,incorrect,s2,False,False,Unanchored mathematical statement; Task has no explicit mathematical target
img_160_pert_2.4,incorrect,s1,False,True,
img_165_pert_5.3,indeterminate,,False,False,Prose/conditions are not a fully parsed mathematical step; Prose/conditions are not a fully parsed mathematical step; Prose/conditions are not a fully parsed mathematical step; Prose/conditions are not a fully parsed mathematical step; Prose/conditions are not a fully parsed mathematical step; Prose/conditions are not a fully parsed mathematical step; Prose/conditions are not a fully parsed mathematical step; Prose/conditions are not a fully parsed mathematical step; Prose/conditions are not a fully parsed mathematical step; Prose/conditions are not a fully parsed mathematical step; Prose/conditions are not a fully parsed mathematical step; Prose/conditions are not a fully parsed mathematical step; Task has no explicit mathematical target
img_172_pert_3.2,indeterminate,,False,False,Unanchored mathematical statement; Unanchored mathematical statement; Unanchored mathematical statement; Unanchored mathematical statement; goal is unknown
img_173_pert_2.5,indeterminate,,False,False,Unanchored mathematical statement; At least one node/edge proof is unresolved; Unanchored mathematical statement; At least one node/edge proof is unresolved; Task has no explicit mathematical target
img_173_pert_5.3,indeterminate,,False,False,Unanchored mathematical statement; At least one node/edge proof is unresolved; Unanchored mathematical statement; At least one node/edge proof is unresolved; Task has no explicit mathematical target
img_176_pert_4.3,indeterminate,,False,False,Unanchored mathematical statement; Bare word is not an exact mathematical token; Continuation requires one readable dependency; Continuation requires one readable dependency; Unanchored mathematical statement; Bare word is not an exact mathematical token; Prose/conditions are not a fully parsed mathematical step; Continuation requires one readable dependency; Task has no explicit mathematical target
img_190_pert_3.2,correct,,False,False,Unanchored mathematical statement; A written answer equality is required
img_193_pert_5.3,incorrect,s2,False,False,Unanchored mathematical statement; Task has no explicit mathematical target
img_194_pert_1.5,incorrect,s1,False,False,Symbolic claim has no given/dependency anchor; At least one node/edge proof is unresolved; Bare word is not an exact mathematical token
img_19_pert_5.1,indeterminate,,False,False,Unsupported input at character 5; At least one node/edge proof is unresolved; At least one node/edge proof is unresolved; Unsupported input at character 5; Task has no explicit mathematical target
img_20_pert_5.1,indeterminate,,False,False,Unanchored mathematical statement; Unsupported input at character 2; Task has no explicit mathematical target
img_220_pert_1.5,incorrect,s1,True,False,Task has no explicit mathematical target
img_220_pert_4.6,indeterminate,,False,False,Unanchored mathematical statement; Unanchored mathematical statement; Task has no explicit mathematical target
img_223_pert_2.2,indeterminate,,False,False,Unanchored mathematical statement; At least one node/edge proof is unresolved; Task has no explicit mathematical target
img_226_pert_2.2,indeterminate,,False,False,Adjacent numeric literals require an explicit operator; Adjacent numeric literals require an explicit operator; Continuation requires one readable dependency; Unsupported input at character 0; Continuation requires one readable dependency; Adjacent numeric literals require an explicit operator; Adjacent numeric literals require an explicit operator; Task has no explicit mathematical target
img_22_pert_5.1,indeterminate,,False,False,Unsupported input at character 14; Unsupported input at character 13; At least one node/edge proof is unresolved; Task target has unresolved variables
img_233_pert_3.2,indeterminate,,False,False,OCR exactness is not exact; OCR exactness is not exact; Task has no explicit mathematical target
img_27_pert_5.1,indeterminate,,False,False,Unanchored mathematical statement; At least one node/edge proof is unresolved; Task has no explicit mathematical target
img_35_pert_2.5,indeterminate,,False,False,Unanchored mathematical statement; Prose/conditions are not a fully parsed mathematical step; OCR exactness is not exact; Unsupported token '\\text'
img_372_pert_2.1,indeterminate,,False,False,Unsupported token '\\int'; Unsupported token '\\int'; Bare word is not an exact mathematical token; Functions are outside the selected algebra subset; Bare word is not an exact mathematical token; Unbalanced delimiters; Functions are outside the selected algebra subset; Unsupported input at character 1; Bare word is not an exact mathematical token; Unsupported token '\\int'; Bare word is not an exact mathematical token; definite integral with explicit bounds was not found
img_374_pert_5.1,indeterminate,,False,False,Functions are outside the selected algebra subset; Functions are outside the selected algebra subset; Bare word is not an exact mathematical token; Bare word is not an exact mathematical token; Bare word is not an exact mathematical token; Bare word is not an exact mathematical token; Unsupported input at character 6; definite integral with explicit bounds was not found
img_375_pert_2.5,indeterminate,,False,False,Unsupported token '\\int'; Bare word is not an exact mathematical token; Continuation requires one readable dependency; Continuation requires one readable dependency; Continuation requires one readable dependency; Continuation requires one readable dependency; definite integral with explicit bounds was not found
img_375_pert_5.3,indeterminate,,False,False,Unsupported token '\\int'; goal is unknown
img_37_pert_5.1,indeterminate,,False,False,Unanchored mathematical statement; OCR exactness is not exact; Task has no explicit mathematical target
img_387_pert_5.1,indeterminate,,False,False,Differential notation needs a calculus verifier; Differential notation needs a calculus verifier; goal is unknown
img_395_pert_2.5,incorrect,s2,False,False,Differential notation needs a calculus verifier; Differential notation needs a calculus verifier; Differential notation needs a calculus verifier
img_400_pert_5.1,indeterminate,,False,False,Unanchored mathematical statement; Differential notation needs a calculus verifier; Differential notation needs a calculus verifier; Task has no explicit mathematical target
img_427_pert_1.4,indeterminate,,False,False,Unsupported token '\\lim'; Unsupported token '\\lim'; Continuation requires one readable dependency; Unsupported token '\\lim'; Bare word is not an exact mathematical token; Unsupported token '\\lim'; Unsupported token '\\lim'; goal is unknown
img_448_pert_3.2,indeterminate,,False,False,Unanchored mathematical statement; At least one node/edge proof is unresolved; Unanchored mathematical statement; Unanchored mathematical statement; At least one node/edge proof is unresolved; unsupported operand type(s) for +: 'ImmutableDenseMatrix' and 'Mul'; requires two explicit X/Y matrix equations
img_448_pert_5.2,indeterminate,,False,False,Unanchored mathematical statement; Symbolic claim has no given/dependency anchor; Symbolic claim has no given/dependency anchor; unsupported operand type(s) for +: 'ImmutableDenseMatrix' and 'Mul'; requires two explicit X/Y matrix equations
img_455_pert_5.1,indeterminate,,False,False,Unanchored mathematical statement; At least one node/edge proof is unresolved; At least one node/edge proof is unresolved; requires two explicit X/Y matrix equations
img_456_pert_5.1,indeterminate,,False,False,Prose/conditions are not a fully parsed mathematical step; At least one node/edge proof is unresolved; Bare word is not an exact mathematical token; requires two explicit X/Y matrix equations
img_458_pert_5.1,indeterminate,,False,False,Unanchored mathematical statement; Unconsumed token '|'; one expression/equation per step; Unsupported input at character 0; Unsupported input at character 0; Unsupported input at character 0; Unsupported input at character 0; Unsupported input at character 0; Unsupported input at character 0; unsupported operand type(s) for +: 'ImmutableDenseMatrix' and 'Symbol'; goal is unknown
img_463_pert_1.3,indeterminate,,False,False,Symbolic claim has no given/dependency anchor; At least one node/edge proof is unresolved; At least one node/edge proof is unresolved; At least one node/edge proof is unresolved; Bare word is not an exact mathematical token
img_464_pert_5.1,correct,,False,False,Symbolic claim has no given/dependency anchor; Task has no explicit mathematical target
img_465_pert_1.3,indeterminate,,False,False,At least one node/edge proof is unresolved; At least one node/edge proof is unresolved; At least one node/edge proof is unresolved; At least one node/edge proof is unresolved; At least one node/edge proof is unresolved; unsupported operand type(s) for +: 'ImmutableDenseMatrix' and 'Pow'; requires two explicit X/Y matrix equations
img_465_pert_1.5,indeterminate,,False,False,unsupported operand type(s) for +: 'ImmutableDenseMatrix' and 'Symbol'; At least one node/edge proof is unresolved; At least one node/edge proof is unresolved; At least one node/edge proof is unresolved; At least one node/edge proof is unresolved; unsupported operand type(s) for +: 'ImmutableDenseMatrix' and 'Pow'; requires two explicit X/Y matrix equations
img_465_pert_2.2,indeterminate,,False,False,At least one node/edge proof is unresolved; At least one node/edge proof is unresolved; At least one node/edge proof is unresolved; At least one node/edge proof is unresolved; requires two explicit X/Y matrix equations
img_466_pert_1.4,indeterminate,,False,False,Unanchored mathematical statement; At least one node/edge proof is unresolved; At least one node/edge proof is unresolved; At least one node/edge proof is unresolved; At least one node/edge proof is unresolved; At least one node/edge proof is unresolved; At least one node/edge proof is unresolved; At least one node/edge proof is unresolved; At least one node/edge proof is unresolved; requires two explicit X/Y matrix equations
img_472_pert_1.4,indeterminate,,False,False,Unanchored mathematical statement; Prose/conditions are not a fully parsed mathematical step; Unsupported input at character 0; Prose/conditions are not a fully parsed mathematical step; goal is unknown
img_476_pert_5.1,indeterminate,,False,False,Requires one explicit inequality; Requires one explicit inequality; Requires one explicit inequality; Requires one explicit inequality; Requires one explicit inequality; Requires one explicit inequality
img_482_pert_5.2,indeterminate,,False,False,Unanchored mathematical statement; Unanchored mathematical statement; Unanchored mathematical statement; Unanchored mathematical statement; goal is unknown
img_483_pert_5.1,correct,,False,False,Unanchored mathematical statement; Task has no explicit mathematical target
img_489_pert_5.1,correct,,False,False,Unanchored mathematical statement; Task has no explicit mathematical target
img_490_pert_5.1,correct,,False,False,Unanchored mathematical statement; Task target has unresolved variables
img_492_pert_5.1,indeterminate,,False,False,Unanchored mathematical statement; Unanchored mathematical statement; goal is unknown
img_49_pert_5.1,indeterminate,,False,False,Unanchored mathematical statement; At least one node/edge proof is unresolved; Task has no explicit mathematical target
img_503_pert_1.4,indeterminate,,False,False,Unsupported input at character 16; task is not visible in the image; goal is unknown
img_529_pert_2.2,indeterminate,,False,False,Unsupported input at character 6; Unsupported input at character 2; At least one node/edge proof is unresolved; Bare word is not an exact mathematical token
img_529_pert_4.5,indeterminate,,False,False,Unsupported input at character 8; Prose/conditions are not a fully parsed mathematical step; Prose/conditions are not a fully parsed mathematical step; Bare word is not an exact mathematical token
img_540_pert_1.5,indeterminate,,False,False,Unsupported token '\\vec'; Unsupported token '\\vec'; At least one node/edge proof is unresolved; At least one node/edge proof is unresolved; Unsupported token '\\vec'
img_559_pert_3.2,indeterminate,,False,False,Unanchored mathematical statement; Unsupported input at character 17; Task has no explicit mathematical target
img_559_pert_5.1,correct,,False,False,Unanchored mathematical statement; Task has no explicit mathematical target
img_559_pert_5.2,incorrect,s2,False,False,Unanchored mathematical statement; Task has no explicit mathematical target
img_560_pert_1.5,indeterminate,,False,False,Unanchored mathematical statement; Unanchored mathematical statement; Unanchored mathematical statement; Unanchored mathematical statement; Task has no explicit mathematical target
img_566_pert_5.1,indeterminate,,False,False,Undefined real expression: nonzero restriction fails; Undefined real expression: nonzero restriction fails; Continuation requires one readable dependency; Exponent exceeds rational bounds; Exponent exceeds rational bounds; Task has no explicit mathematical target
img_568_pert_5.2,indeterminate,,False,False,Unanchored mathematical statement; Unanchored mathematical statement; goal is unknown
img_572_pert_5.1,indeterminate,,False,False,Unanchored mathematical statement; Bare word is not an exact mathematical token; Bare word is not an exact mathematical token; Bare word is not an exact mathematical token
img_573_pert_2.2,incorrect,s2,True,False,Task has no explicit mathematical target
img_574_pert_2.5,indeterminate,,False,False,Prose/conditions are not a fully parsed mathematical step; Bare word is not an exact mathematical token; Unsupported input at character 1; Unsupported input at character 1; Prose/conditions are not a fully parsed mathematical step; Unsupported input at character 0; Unsupported input at character 0; Unsupported input at character 0; Bare word is not an exact mathematical token
img_578_pert_5.1,indeterminate,,False,False,Unanchored mathematical statement; Unanchored mathematical statement; Unanchored mathematical statement; Unanchored mathematical statement; Unanchored mathematical statement; Bare word is not an exact mathematical token; Requires one explicit inequality; Bare word is not an exact mathematical token
img_579_pert_5.1,indeterminate,,False,False,Unanchored mathematical statement; Unsupported input at character 2; At least one node/edge proof is unresolved; Bare word is not an exact mathematical token
img_586_pert_3.2,indeterminate,,False,False,Bare word is not an exact mathematical token; Continuation requires one readable dependency; Continuation requires one readable dependency; Bare word is not an exact mathematical token; Continuation requires one readable dependency; Continuation requires one readable dependency; Task has no explicit mathematical target
img_592_pert_5.1,incorrect,s2,False,False,Unsupported token '\\lor'; Prose/conditions are not a fully parsed mathematical step; Prose/conditions are not a fully parsed mathematical step; Bare word is not an exact mathematical token
img_65_pert_5.1,indeterminate,,False,False,Unanchored mathematical statement; At least one node/edge proof is unresolved; goal is unknown
img_68_pert_2.5,indeterminate,,False,False,Symbolic claim has no given/dependency anchor; Symbolic claim has no given/dependency anchor; Unsupported input at character 5; Continuation requires one readable dependency; At least one node/edge proof is unresolved; Bare word is not an exact mathematical token
img_77_pert_5.1,indeterminate,,False,False,Prose/conditions are not a fully parsed mathematical step; Prose/conditions are not a fully parsed mathematical step; Prose/conditions are not a fully parsed mathematical step; OCR exactness is not exact; A written answer equality is required
img_78_pert_5.1,indeterminate,,False,False,Prose/conditions are not a fully parsed mathematical step; OCR exactness is not exact; Unsupported token '\\text'
img_91_pert_2.3,indeterminate,,False,False,TIMEOUT_OR_WORKER_EXIT; TIMEOUT_OR_WORKER_EXIT; TIMEOUT_OR_WORKER_EXIT; TIMEOUT_OR_WORKER_EXIT; TIMEOUT_OR_WORKER_EXIT; TIMEOUT_OR_WORKER_EXIT; TIMEOUT_OR_WORKER_EXIT; TIMEOUT_OR_WORKER_EXIT; TIMEOUT_OR_WORKER_EXIT
img_92_pert_4.3,indeterminate,,False,False,Prose/conditions are not a fully parsed mathematical step; OCR exactness is not exact; goal is unknown
img_98_pert_2.1,indeterminate,,False,False,TIMEOUT_OR_WORKER_EXIT; TIMEOUT_OR_WORKER_EXIT; TIMEOUT_OR_WORKER_EXIT; TIMEOUT_OR_WORKER_EXIT; TIMEOUT_OR_WORKER_EXIT; TIMEOUT_OR_WORKER_EXIT; TIMEOUT_OR_WORKER_EXIT; TIMEOUT_OR_WORKER_EXIT; TIMEOUT_OR_WORKER_EXIT
