provider,id,error_class,transcription_error_class,exact,task_spec_class,task_visibility,cas_indeterminate,final_correct,fallback_reasons
gemini,img_400_pert_5.1,extra_line,extra_line,False,reported_structured,visible,True,False,Symbolic exponent requires a constant positive base | At least one node/edge proof is unresolved | Differential notation needs a calculus verifier | Differential notation needs a calculus verifier | Differential notation needs a calculus verifier | Differential notation needs a calculus verifier
gemini,img_374_pert_5.1,extra_line,extra_line,False,reported_structured,visible,True,False,Unsupported token '\\int' | Unsupported token '\\int' | Unsupported token '\\int' | Unsupported token '\\int' | Unsupported token '\\int' | Prose/conditions are not a fully parsed mathematical step | Differential notation needs a calculus verifier | definite integral with explicit bounds was not found
gemini,img_19_pert_5.1,segmentation,segmentation,False,reported_structured,visible,True,False,Unsupported input at character 3 | Prose/conditions are not a fully parsed mathematical step | At least one node/edge proof is unresolved | Unsupported input at character 4 | Unsupported input at character 7
gemini,img_559_pert_5.1,extra_line,extra_line,False,reported_structured,visible,True,False,Unanchored mathematical statement | Unanchored mathematical statement | Task has no explicit mathematical target
gemini,img_464_pert_5.1,extra_line,extra_line,False,reported_structured,visible,True,False,Expected a nonempty LaTeX string | At least one node/edge proof is unresolved | Task target has unresolved variables
gemini,img_387_pert_5.1,segmentation,segmentation,False,reported_structured,visible,True,False,Prose/conditions are not a fully parsed mathematical step | Differential notation needs a calculus verifier | Prose/conditions are not a fully parsed mathematical step | Requires one task equation
gemini,img_22_pert_5.1,segmentation,segmentation,False,reported_structured,visible,True,False,Prose/conditions are not a fully parsed mathematical step | Prose/conditions are not a fully parsed mathematical step | Prose/conditions are not a fully parsed mathematical step | Prose/conditions are not a fully parsed mathematical step | Prose/conditions are not a fully parsed mathematical step | Prose/conditions are not a fully parsed mathematical step | Bare word is not an exact mathematical token
gemini,img_568_pert_5.2,extra_line,extra_line,False,reported_structured,visible,False,False,Multivariate simplification domain is unsupported
gemini,img_482_pert_5.2,extra_line,extra_line,False,reported_structured,visible,True,False,Prose/conditions are not a fully parsed mathematical step | Prose/conditions are not a fully parsed mathematical step | Prose/conditions are not a fully parsed mathematical step | Prose/conditions are not a fully parsed mathematical step | goal is unknown
gemini,img_559_pert_5.2,exact,exact,True,reported_structured,visible,True,False,Unanchored mathematical statement | Task has no explicit mathematical target
gemini,img_448_pert_5.2,extra_line,extra_line,False,reported_structured,visible,True,False,"Matrix size mismatch: (2, 3) + (3, 3). | unsupported operand type(s) for +: 'Symbol' and 'ImmutableDenseMatrix' | requires two explicit X/Y matrix equations"
gemini,img_173_pert_5.3,extra_line,extra_line,False,reported_structured,visible,True,False,Prose/conditions are not a fully parsed mathematical step | At least one node/edge proof is unresolved | Prose/conditions are not a fully parsed mathematical step | At least one node/edge proof is unresolved | Task has no explicit mathematical target
gemini,img_165_pert_5.3,segmentation,segmentation,False,reported_structured,visible,True,False,Unanchored mathematical statement | Prose/conditions are not a fully parsed mathematical step | Unanchored mathematical statement | Task has no explicit mathematical target
gemini,img_193_pert_5.3,extra_line,extra_line,False,reported_structured,visible,True,False,Prose/conditions are not a fully parsed mathematical step | Prose/conditions are not a fully parsed mathematical step | Continuation requires one readable dependency | Bare word is not an exact mathematical token
gemini,img_375_pert_5.3,exact,exact,True,reported_structured,visible,True,False,Unsupported token '\\int' | Unsupported token '\\int' | Unconsumed token '_'; one expression/equation per step | Undefined real expression: nonzero restriction fails | Continuation requires one readable dependency | Continuation requires one readable dependency | Continuation requires one readable dependency | Continuation requires one readable dependency | definite integral with explicit bounds was not found
gemini,img_233_pert_3.2,missed_line,missed_line,False,reported_structured,visible,True,False,Unsupported input at character 1 | Unsupported input at character 1 | Task has no explicit mathematical target
gemini,img_190_pert_3.2,extra_line,extra_line,False,missing_goal,visible,True,False,Prose/conditions are not a fully parsed mathematical step | goal is unknown
gemini,img_559_pert_3.2,extra_line,extra_line,False,reported_structured,visible,False,True,Task has no explicit mathematical target
gemini,img_172_pert_3.2,missed_line,missed_line,False,reported_structured,visible,True,False,Unsupported input at character 12 | Prose/conditions are not a fully parsed mathematical step | At least one node/edge proof is unresolved | given g1 is not in the exact SymPy subset: Unsupported input at character 12; goal is unknown
gemini,img_586_pert_3.2,operator,operator,False,reported_structured,visible,False,True,Task has no explicit mathematical target
gemini,img_448_pert_3.2,segmentation,segmentation,False,reported_structured,visible,True,False,"Matrix size mismatch: (2, 3) + (3, 3). | unsupported operand type(s) for +: 'Symbol' and 'ImmutableDenseMatrix' | requires two explicit X/Y matrix equations"
gemini,img_173_pert_2.5,extra_line,extra_line,False,reported_structured,visible,True,False,Prose/conditions are not a fully parsed mathematical step | Prose/conditions are not a fully parsed mathematical step | Task has no explicit mathematical target
gemini,img_35_pert_2.5,segmentation,segmentation,False,reported_structured,visible,False,True,Unanchored mathematical statement | Prose/conditions are not a fully parsed mathematical step | Prose/conditions are not a fully parsed mathematical step | Unsupported token '\\text'
gemini,img_375_pert_2.5,missed_line,missed_line,False,reported_structured,visible,True,False,Prose/conditions are not a fully parsed mathematical step | Prose/conditions are not a fully parsed mathematical step | Prose/conditions are not a fully parsed mathematical step | Unsupported token '\\int' | Unsupported token '\\int' | Unconsumed token '_'; one expression/equation per step | Undefined real expression: nonzero restriction fails | Continuation requires one readable dependency | Continuation requires one readable dependency | Continuation requires one readable dependency | definite integral with explicit bounds was not found
gemini,img_574_pert_2.5,extra_line,extra_line,False,reported_structured,visible,True,False,At least one node/edge proof is unresolved | At least one node/edge proof is unresolved | At least one node/edge proof is unresolved | At least one node/edge proof is unresolved | At least one node/edge proof is unresolved | Unsupported input at character 10 | At least one node/edge proof is unresolved | At least one node/edge proof is unresolved | At least one node/edge proof is unresolved | Requires one task equation
gemini,img_395_pert_2.5,exact,exact,True,reported_structured,visible,False,True,Differential notation needs a calculus verifier | Differential notation needs a calculus verifier | Requires one task equation
gemini,img_68_pert_2.5,segmentation,segmentation,False,reported_structured,visible,True,False,Prose/conditions are not a fully parsed mathematical step | At least one node/edge proof is unresolved | Prose/conditions are not a fully parsed mathematical step | A written answer equality is required
gemini,img_111_pert_1.3,extra_line,extra_line,False,reported_structured,visible,True,False,Prose/conditions are not a fully parsed mathematical step | At least one node/edge proof is unresolved | At least one node/edge proof is unresolved | Continuation requires one readable dependency | Prose/conditions are not a fully parsed mathematical step | At least one node/edge proof is unresolved | Requires one explicit inequality
gemini,img_463_pert_1.3,exact,exact,True,reported_structured,visible,False,True,determinant or a final numeric equality is not exactly parseable
gemini,img_465_pert_1.3,ambiguous,ambiguous,False,reported_structured,visible,True,False,Unconsumed token '='; one expression/equation per step | unsupported operand type(s) for +: 'Pow' and 'ImmutableDenseMatrix' | Prose/conditions are not a fully parsed mathematical step | At least one node/edge proof is unresolved | At least one node/edge proof is unresolved | At least one node/edge proof is unresolved | Undefined real expression: nonzero restriction fails | At least one node/edge proof is unresolved | requires two explicit X/Y matrix equations
gemini,img_108_pert_1.4,extra_line,extra_line,False,reported_structured,visible,False,False,
gemini,img_427_pert_1.4,extra_line,extra_line,False,reported_structured,visible,True,False,Unsupported token '\\lim' | Continuation requires one readable dependency | Prose/conditions are not a fully parsed mathematical step | Unsupported token '\\lim' | Unsupported token '\\lim' | Task has no explicit mathematical target
gemini,img_472_pert_1.4,segmentation,segmentation,False,reported_structured,visible,True,False,At least one node/edge proof is unresolved | Prose/conditions are not a fully parsed mathematical step | Unsupported token '\\pm' | Prose/conditions are not a fully parsed mathematical step | Bare word is not an exact mathematical token
gemini,img_503_pert_1.4,digit,digit,False,reported_structured,visible,True,False,Unsupported token '\\circ' | Unsupported token '\\circ' | Unsupported token '\\circ' | Unsupported token '\\circ' | Unsupported input at character 34
gemini,img_466_pert_1.4,extra_line,extra_line,False,reported_structured,visible,True,False,"Symbolic determinant template has no explicit entry bindings | Symbolic determinant template has no explicit entry bindings | Symbolic determinant template has no explicit entry bindings | Symbolic determinant template has no explicit entry bindings | Symbolic determinant template has no explicit entry bindings | Symbolic determinant template has no explicit entry bindings | Symbolic determinant template has no explicit entry bindings | Symbolic determinant template has no explicit entry bindings | Symbolic determinant template has no explicit entry bindings | Prose/conditions are not a fully parsed mathematical step | Expected token, got end of input"
gemini,img_111_pert_2.1,extra_line,extra_line,False,reported_structured,visible,True,False,Prose/conditions are not a fully parsed mathematical step | At least one node/edge proof is unresolved | At least one node/edge proof is unresolved | Continuation requires one readable dependency | Prose/conditions are not a fully parsed mathematical step | Prose/conditions are not a fully parsed mathematical step | Continuation requires one readable dependency | Requires one explicit inequality
gemini,img_98_pert_2.1,exact,exact,True,reported_structured,visible,True,False,TIMEOUT_OR_WORKER_EXIT | TIMEOUT_OR_WORKER_EXIT | TIMEOUT_OR_WORKER_EXIT | TIMEOUT_OR_WORKER_EXIT | TIMEOUT_OR_WORKER_EXIT | TIMEOUT_OR_WORKER_EXIT
gemini,img_372_pert_2.1,segmentation,segmentation,False,reported_structured,visible,True,False,Prose/conditions are not a fully parsed mathematical step | Unsupported token '\\int' | Unsupported token '\\int' | Unsupported token '\\int' | Unsupported token '\\int' | At least one node/edge proof is unresolved | definite integral with explicit bounds was not found
gemini,img_109_pert_2.1,extra_line,extra_line,False,reported_structured,visible,True,False,Prose/conditions are not a fully parsed mathematical step | Prose/conditions are not a fully parsed mathematical step | Prose/conditions are not a fully parsed mathematical step | Unsupported input at character 11
gemini,img_223_pert_2.2,extra_line,extra_line,False,reported_structured,visible,False,True,Task has no explicit mathematical target
gemini,img_465_pert_2.2,ambiguous,ambiguous,False,reported_structured,visible,True,False,At least one node/edge proof is unresolved | unsupported operand type(s) for +: 'Pow' and 'ImmutableDenseMatrix' | Prose/conditions are not a fully parsed mathematical step | At least one node/edge proof is unresolved | At least one node/edge proof is unresolved | unsupported operand type(s) for +: 'ImmutableDenseMatrix' and 'Pow' | requires two explicit X/Y matrix equations
gemini,img_529_pert_2.2,segmentation,segmentation,False,reported_structured,visible,True,False,Prose/conditions are not a fully parsed mathematical step | At least one node/edge proof is unresolved | Prose/conditions are not a fully parsed mathematical step | Unsupported input at character 4
gemini,img_573_pert_2.2,exact,exact,True,reported_structured,visible,False,True,Multivariate simplification domain is unsupported
gemini,img_226_pert_2.2,extra_line,extra_line,False,reported_structured,visible,True,False,Unsupported input at character 1 | Continuation requires one readable dependency | Unsupported input at character 1 | Continuation requires one readable dependency | Unsupported input at character 1 | Unsupported input at character 1 | Continuation requires one readable dependency | Task has no explicit mathematical target
gemini,img_176_pert_4.3,variable,variable,False,reported_structured,visible,True,False,Unanchored mathematical statement | Unanchored mathematical statement | Prose/conditions are not a fully parsed mathematical step | Continuation requires one readable dependency
gemini,img_92_pert_4.3,exact,exact,True,reported_structured,visible,True,False,Prose/conditions are not a fully parsed mathematical step | Unsupported token '\\circ' | Prose/conditions are not a fully parsed mathematical step | Unsupported token '\\text'
gemini,img_91_pert_2.3,exact,exact,True,reported_structured,visible,True,False,TIMEOUT_OR_WORKER_EXIT | TIMEOUT_OR_WORKER_EXIT | TIMEOUT_OR_WORKER_EXIT | TIMEOUT_OR_WORKER_EXIT | TIMEOUT_OR_WORKER_EXIT | TIMEOUT_OR_WORKER_EXIT | TIMEOUT_OR_WORKER_EXIT | TIMEOUT_OR_WORKER_EXIT
gemini,img_112_pert_4.4,exact,exact,True,reported_structured,visible,True,False,TIMEOUT_OR_WORKER_EXIT | TIMEOUT_OR_WORKER_EXIT | TIMEOUT_OR_WORKER_EXIT | TIMEOUT_OR_WORKER_EXIT | TIMEOUT_OR_WORKER_EXIT
gemini,img_115_pert_4.4,extra_line,extra_line,False,reported_structured,visible,True,False,Prose/conditions are not a fully parsed mathematical step | Prose/conditions are not a fully parsed mathematical step | Prose/conditions are not a fully parsed mathematical step | A written answer equality is required
gemini,img_529_pert_4.5,segmentation,segmentation,False,reported_structured,visible,False,False,Prose/conditions are not a fully parsed mathematical step | Prose/conditions are not a fully parsed mathematical step | Unsupported input at character 4
gemini,img_160_pert_2.4,extra_line,extra_line,False,reported_structured,visible,False,True,
gemini,img_560_pert_1.5,extra_line,extra_line,False,reported_structured,visible,True,False,Prose/conditions are not a fully parsed mathematical step | Prose/conditions are not a fully parsed mathematical step | Prose/conditions are not a fully parsed mathematical step | Prose/conditions are not a fully parsed mathematical step | At least one node/edge proof is unresolved | Prose/conditions are not a fully parsed mathematical step | Task has no explicit mathematical target
gemini,img_465_pert_1.5,ambiguous,ambiguous,False,reported_structured,visible,True,False,Unsupported input at character 1 | unsupported operand type(s) for +: 'Pow' and 'ImmutableDenseMatrix' | Prose/conditions are not a fully parsed mathematical step | At least one node/edge proof is unresolved | At least one node/edge proof is unresolved | Undefined real expression: nonzero restriction fails | At least one node/edge proof is unresolved | requires two explicit X/Y matrix equations
gemini,img_540_pert_1.5,exact,exact,True,reported_structured,visible,True,False,Unsupported token '\\vec' | Unsupported token '\\vec' | At least one node/edge proof is unresolved | At least one node/edge proof is unresolved | Task target has unresolved variables
gemini,img_153_pert_1.5,extra_line,extra_line,False,reported_structured,visible,False,True,
gemini,img_194_pert_1.5,segmentation,segmentation,False,reported_structured,visible,False,True,Prose/conditions are not a fully parsed mathematical step | At least one node/edge proof is unresolved
gemini,img_220_pert_1.5,extra_line,extra_line,False,reported_structured,visible,True,False,Unsupported input at character 1 | Unsupported input at character 1 | Task has no explicit mathematical target
gemini,img_220_pert_4.6,extra_line,extra_line,False,reported_structured,visible,True,False,Prose/conditions are not a fully parsed mathematical step | Prose/conditions are not a fully parsed mathematical step | Task has no explicit mathematical target
gemini,img_476_pert_5.1,operator,operator,False,reported_structured,visible,True,False,Requires one explicit inequality | Requires one explicit inequality | Requires one explicit inequality | Requires one explicit inequality | Requires one explicit inequality
gemini,img_579_pert_5.1,missed_line,missed_line,False,reported_structured,visible,True,False,Prose/conditions are not a fully parsed mathematical step | Prose/conditions are not a fully parsed mathematical step | Prose/conditions are not a fully parsed mathematical step | Prose/conditions are not a fully parsed mathematical step | Prose/conditions are not a fully parsed mathematical step | Prose/conditions are not a fully parsed mathematical step | Prose/conditions are not a fully parsed mathematical step | Prose/conditions are not a fully parsed mathematical step | Prose/conditions are not a fully parsed mathematical step | Prose/conditions are not a fully parsed mathematical step | Prose/conditions are not a fully parsed mathematical step | Prose/conditions are not a fully parsed mathematical step | Prose/conditions are not a fully parsed mathematical step | Prose/conditions are not a fully parsed mathematical step | Prose is not a mathematical answer
gemini,img_578_pert_5.1,missed_line,missed_line,False,reported_structured,visible,True,False,Prose/conditions are not a fully parsed mathematical step | Requires one explicit inequality | Prose/conditions are not a fully parsed mathematical step | A written answer equality is required
gemini,img_489_pert_5.1,missed_line,missed_line,False,reported_structured,visible,True,False,Unanchored mathematical statement | Prose/conditions are not a fully parsed mathematical step | At least one node/edge proof is unresolved | Prose/conditions are not a fully parsed mathematical step | Task has no explicit mathematical target
gemini,img_490_pert_5.1,extra_line,extra_line,False,reported_structured,visible,True,False,Prose/conditions are not a fully parsed mathematical step | Prose/conditions are not a fully parsed mathematical step | At least one node/edge proof is unresolved | Prose/conditions are not a fully parsed mathematical step | Prose/conditions are not a fully parsed mathematical step | Prose/conditions are not a fully parsed mathematical step | A written answer equality is required
gemini,img_483_pert_5.1,missed_line,missed_line,False,reported_structured,visible,True,False,Prose/conditions are not a fully parsed mathematical step | Prose/conditions are not a fully parsed mathematical step | At least one node/edge proof is unresolved | Prose/conditions are not a fully parsed mathematical step | Task has no explicit mathematical target
gemini,img_592_pert_5.1,segmentation,segmentation,False,reported_structured,visible,False,False,Prose/conditions are not a fully parsed mathematical step | Prose/conditions are not a fully parsed mathematical step | Prose/conditions are not a fully parsed mathematical step | Prose/conditions are not a fully parsed mathematical step | Prose/conditions are not a fully parsed mathematical step | Task has no explicit mathematical target
gemini,img_456_pert_5.1,segmentation,segmentation,False,reported_structured,visible,True,False,Requires explicit X+Y and X-Y matrix givens | At least one node/edge proof is unresolved | Prose/conditions are not a fully parsed mathematical step | requires two explicit X/Y matrix equations
gemini,img_455_pert_5.1,segmentation,segmentation,False,reported_structured,visible,False,False,Requires explicit X+Y and X-Y matrix givens | Continuation requires one readable dependency | Continuation requires one readable dependency | Continuation requires one readable dependency | requires two explicit X/Y matrix equations
gemini,img_458_pert_5.1,segmentation,segmentation,False,missing_goal,visible,True,False,Unanchored mathematical statement | Prose/conditions are not a fully parsed mathematical step | Unconsumed token '|'; one expression/equation per step | Unconsumed token '|'; one expression/equation per step | Unconsumed token '|'; one expression/equation per step | Unconsumed token '|'; one expression/equation per step | Unconsumed token '|'; one expression/equation per step | Unconsumed token '|'; one expression/equation per step | unsupported operand type(s) for +: 'ImmutableDenseMatrix' and 'Symbol' | At least one node/edge proof is unresolved | goal is unknown
gemini,img_566_pert_5.1,variable,variable,False,reported_structured,visible,True,False,Prose/conditions are not a fully parsed mathematical step | Continuation requires one readable dependency | Exponent exceeds rational bounds | Exponent exceeds rational bounds
gemini,img_572_pert_5.1,segmentation,segmentation,False,reported_structured,visible,True,False,At least one node/edge proof is unresolved | At least one node/edge proof is unresolved | Prose/conditions are not a fully parsed mathematical step | Requires one task equation
gemini,img_65_pert_5.1,extra_line,extra_line,False,reported_structured,visible,True,False,Prose/conditions are not a fully parsed mathematical step | At least one node/edge proof is unresolved | At least one node/edge proof is unresolved | Task has no explicit mathematical target
gemini,img_27_pert_5.1,extra_line,extra_line,False,reported_structured,visible,True,False,Prose/conditions are not a fully parsed mathematical step | At least one node/edge proof is unresolved | Prose/conditions are not a fully parsed mathematical step | Bare word is not an exact mathematical token
gemini,img_14_pert_5.1,missed_line,missed_line,False,reported_structured,visible,True,False,Prose/conditions are not a fully parsed mathematical step | Prose/conditions are not a fully parsed mathematical step | At least one node/edge proof is unresolved | Prose/conditions are not a fully parsed mathematical step | Prose/conditions are not a fully parsed mathematical step | Prose/conditions are not a fully parsed mathematical step | Prose/conditions are not a fully parsed mathematical step | Prose/conditions are not a fully parsed mathematical step | Task has no explicit mathematical target
gemini,img_49_pert_5.1,missed_line,missed_line,False,reported_structured,visible,True,False,Prose/conditions are not a fully parsed mathematical step | Prose/conditions are not a fully parsed mathematical step | Prose/conditions are not a fully parsed mathematical step | Prose/conditions are not a fully parsed mathematical step | Prose/conditions are not a fully parsed mathematical step | Prose/conditions are not a fully parsed mathematical step | Bare word is not an exact mathematical token
gemini,img_77_pert_5.1,missed_line,missed_line,False,reported_structured,visible,False,False,Prose/conditions are not a fully parsed mathematical step | Prose/conditions are not a fully parsed mathematical step | Prose/conditions are not a fully parsed mathematical step | Unsupported token '\\text'
gemini,img_78_pert_5.1,missed_line,missed_line,False,reported_structured,visible,False,False,Prose/conditions are not a fully parsed mathematical step | Unsupported token '\\text'
gemini,img_37_pert_5.1,missed_line,missed_line,False,reported_structured,visible,True,False,Prose/conditions are not a fully parsed mathematical step | OCR exactness is not exact | Unsupported token '\\text'
gemini,img_20_pert_5.1,ambiguous,ambiguous,False,reported_structured,visible,True,False,Unsupported input at character 17 | At least one node/edge proof is unresolved | At least one node/edge proof is unresolved | Unsupported input at character 2 | Task has no explicit mathematical target
gemini,img_492_pert_5.1,ambiguous,ambiguous,False,reported_structured,visible,True,False,Prose/conditions are not a fully parsed mathematical step | Unsupported token '\\neq' | At least one node/edge proof is unresolved | At least one node/edge proof is unresolved | At least one node/edge proof is unresolved |  | Requires one task equation
gemini,img_488_pert_5.1,variable,variable,False,reported_structured,visible,True,False,At least one node/edge proof is unresolved | At least one node/edge proof is unresolved | At least one node/edge proof is unresolved | Requires one task equation
gigachat,img_400_pert_5.1,missed_line,missed_line,False,reported_structured,visible,True,False,Unanchored mathematical statement | Differential notation needs a calculus verifier | Differential notation needs a calculus verifier | Task has no explicit mathematical target
gigachat,img_374_pert_5.1,segmentation,segmentation,False,reported_structured,visible,True,False,Functions are outside the selected algebra subset | Functions are outside the selected algebra subset | Bare word is not an exact mathematical token | Bare word is not an exact mathematical token | Bare word is not an exact mathematical token | Bare word is not an exact mathematical token | Unsupported input at character 6 | definite integral with explicit bounds was not found
gigachat,img_19_pert_5.1,extra_line,extra_line,False,reported_structured,visible,True,False,Unsupported input at character 5 | At least one node/edge proof is unresolved | At least one node/edge proof is unresolved | Unsupported input at character 5 | Task has no explicit mathematical target
gigachat,img_559_pert_5.1,extra_line,extra_line,False,reported_structured,visible,False,True,Unanchored mathematical statement | Task has no explicit mathematical target
gigachat,img_464_pert_5.1,missed_line,missed_line,False,reported_structured,visible,False,True,Symbolic claim has no given/dependency anchor | Task has no explicit mathematical target
gigachat,img_387_pert_5.1,segmentation,segmentation,False,missing_goal,visible,True,False,Differential notation needs a calculus verifier | Differential notation needs a calculus verifier | goal is unknown
gigachat,img_22_pert_5.1,variable,variable,False,reported_structured,visible,True,False,Unsupported input at character 14 | Unsupported input at character 13 | At least one node/edge proof is unresolved | Task target has unresolved variables
gigachat,img_568_pert_5.2,extra_line,extra_line,False,missing_goal,visible,True,False,Unanchored mathematical statement | Unanchored mathematical statement | goal is unknown
gigachat,img_482_pert_5.2,extra_line,extra_line,False,reported_structured,visible,True,False,Unanchored mathematical statement | Unanchored mathematical statement | Unanchored mathematical statement | Unanchored mathematical statement | goal is unknown
gigachat,img_559_pert_5.2,segmentation,segmentation,False,reported_structured,visible,False,False,Unanchored mathematical statement | Task has no explicit mathematical target
gigachat,img_448_pert_5.2,ambiguous,ambiguous,False,reported_structured,visible,True,False,Unanchored mathematical statement | Symbolic claim has no given/dependency anchor | Symbolic claim has no given/dependency anchor | unsupported operand type(s) for +: 'ImmutableDenseMatrix' and 'Mul' | requires two explicit X/Y matrix equations
gigachat,img_173_pert_5.3,extra_line,extra_line,False,reported_structured,visible,True,False,Unanchored mathematical statement | At least one node/edge proof is unresolved | Unanchored mathematical statement | At least one node/edge proof is unresolved | Task has no explicit mathematical target
gigachat,img_165_pert_5.3,missed_line,missed_line,False,reported_structured,visible,True,False,Prose/conditions are not a fully parsed mathematical step | Prose/conditions are not a fully parsed mathematical step | Prose/conditions are not a fully parsed mathematical step | Prose/conditions are not a fully parsed mathematical step | Prose/conditions are not a fully parsed mathematical step | Prose/conditions are not a fully parsed mathematical step | Prose/conditions are not a fully parsed mathematical step | Prose/conditions are not a fully parsed mathematical step | Prose/conditions are not a fully parsed mathematical step | Prose/conditions are not a fully parsed mathematical step | Prose/conditions are not a fully parsed mathematical step | Prose/conditions are not a fully parsed mathematical step | Task has no explicit mathematical target
gigachat,img_193_pert_5.3,extra_line,extra_line,False,reported_structured,visible,False,False,Unanchored mathematical statement | Task has no explicit mathematical target
gigachat,img_375_pert_5.3,extra_line,extra_line,False,missing_goal,visible,True,False,Unsupported token '\\int' | goal is unknown
gigachat,img_233_pert_3.2,segmentation,segmentation,False,reported_structured,visible,True,False,OCR exactness is not exact | OCR exactness is not exact | Task has no explicit mathematical target
gigachat,img_190_pert_3.2,extra_line,extra_line,False,reported_structured,visible,False,False,Unanchored mathematical statement | A written answer equality is required
gigachat,img_559_pert_3.2,extra_line,extra_line,False,reported_structured,visible,True,False,Unanchored mathematical statement | Unsupported input at character 17 | Task has no explicit mathematical target
gigachat,img_172_pert_3.2,segmentation,segmentation,False,reported_structured,visible,True,False,Unanchored mathematical statement | Unanchored mathematical statement | Unanchored mathematical statement | Unanchored mathematical statement | goal is unknown
gigachat,img_586_pert_3.2,segmentation,segmentation,False,reported_structured,visible,True,False,Bare word is not an exact mathematical token | Continuation requires one readable dependency | Continuation requires one readable dependency | Bare word is not an exact mathematical token | Continuation requires one readable dependency | Continuation requires one readable dependency | Task has no explicit mathematical target
gigachat,img_448_pert_3.2,extra_line,extra_line,False,reported_structured,visible,True,False,Unanchored mathematical statement | At least one node/edge proof is unresolved | Unanchored mathematical statement | Unanchored mathematical statement | At least one node/edge proof is unresolved | unsupported operand type(s) for +: 'ImmutableDenseMatrix' and 'Mul' | requires two explicit X/Y matrix equations
gigachat,img_173_pert_2.5,extra_line,extra_line,False,reported_structured,visible,True,False,Unanchored mathematical statement | At least one node/edge proof is unresolved | Unanchored mathematical statement | At least one node/edge proof is unresolved | Task has no explicit mathematical target
gigachat,img_35_pert_2.5,segmentation,segmentation,False,reported_structured,visible,True,False,Unanchored mathematical statement | Prose/conditions are not a fully parsed mathematical step | OCR exactness is not exact | Unsupported token '\\text'
gigachat,img_375_pert_2.5,segmentation,segmentation,False,reported_structured,visible,True,False,Unsupported token '\\int' | Bare word is not an exact mathematical token | Continuation requires one readable dependency | Continuation requires one readable dependency | Continuation requires one readable dependency | Continuation requires one readable dependency | definite integral with explicit bounds was not found
gigachat,img_574_pert_2.5,missed_line,missed_line,False,reported_structured,visible,True,False,Prose/conditions are not a fully parsed mathematical step | Bare word is not an exact mathematical token | Unsupported input at character 1 | Unsupported input at character 1 | Prose/conditions are not a fully parsed mathematical step | Unsupported input at character 0 | Unsupported input at character 0 | Unsupported input at character 0 | Bare word is not an exact mathematical token
gigachat,img_395_pert_2.5,operator,operator,False,reported_structured,visible,False,True,Differential notation needs a calculus verifier | Differential notation needs a calculus verifier | Differential notation needs a calculus verifier
gigachat,img_68_pert_2.5,segmentation,segmentation,False,reported_structured,visible,True,False,Symbolic claim has no given/dependency anchor | Symbolic claim has no given/dependency anchor | Unsupported input at character 5 | Continuation requires one readable dependency | At least one node/edge proof is unresolved | Bare word is not an exact mathematical token
gigachat,img_111_pert_1.3,extra_line,extra_line,False,reported_structured,visible,True,False,Requires one explicit inequality | Requires one explicit inequality | Prose/conditions are not a fully parsed mathematical step | At least one node/edge proof is unresolved | At least one node/edge proof is unresolved | At least one node/edge proof is unresolved | Prose/conditions are not a fully parsed mathematical step | At least one node/edge proof is unresolved | Requires one explicit inequality
gigachat,img_463_pert_1.3,segmentation,segmentation,False,reported_structured,visible,True,False,Symbolic claim has no given/dependency anchor | At least one node/edge proof is unresolved | At least one node/edge proof is unresolved | At least one node/edge proof is unresolved | Bare word is not an exact mathematical token
gigachat,img_465_pert_1.3,segmentation,segmentation,False,reported_structured,visible,True,False,At least one node/edge proof is unresolved | At least one node/edge proof is unresolved | At least one node/edge proof is unresolved | At least one node/edge proof is unresolved | At least one node/edge proof is unresolved | unsupported operand type(s) for +: 'ImmutableDenseMatrix' and 'Pow' | requires two explicit X/Y matrix equations
gigachat,img_108_pert_1.4,extra_line,extra_line,False,reported_structured,visible,False,False,Unanchored mathematical statement | At least one node/edge proof is unresolved | At least one node/edge proof is unresolved | At least one node/edge proof is unresolved | At least one node/edge proof is unresolved | Task has no explicit mathematical target
gigachat,img_427_pert_1.4,extra_line,extra_line,False,missing_goal,visible,True,False,Unsupported token '\\lim' | Unsupported token '\\lim' | Continuation requires one readable dependency | Unsupported token '\\lim' | Bare word is not an exact mathematical token | Unsupported token '\\lim' | Unsupported token '\\lim' | goal is unknown
gigachat,img_472_pert_1.4,segmentation,segmentation,False,reported_structured,visible,True,False,Unanchored mathematical statement | Prose/conditions are not a fully parsed mathematical step | Unsupported input at character 0 | Prose/conditions are not a fully parsed mathematical step | goal is unknown
gigachat,img_503_pert_1.4,segmentation,segmentation,False,task_not_visible,not_visible,True,False,Unsupported input at character 16 | task is not visible in the image; goal is unknown
gigachat,img_466_pert_1.4,segmentation,segmentation,False,reported_structured,visible,True,False,Unanchored mathematical statement | At least one node/edge proof is unresolved | At least one node/edge proof is unresolved | At least one node/edge proof is unresolved | At least one node/edge proof is unresolved | At least one node/edge proof is unresolved | At least one node/edge proof is unresolved | At least one node/edge proof is unresolved | At least one node/edge proof is unresolved | requires two explicit X/Y matrix equations
gigachat,img_111_pert_2.1,extra_line,extra_line,False,reported_structured,visible,True,False,Requires one explicit inequality | Requires one explicit inequality | Bare word is not an exact mathematical token | At least one node/edge proof is unresolved | At least one node/edge proof is unresolved | At least one node/edge proof is unresolved | At least one node/edge proof is unresolved | Bare word is not an exact mathematical token | At least one node/edge proof is unresolved | At least one node/edge proof is unresolved | Requires one explicit inequality
gigachat,img_98_pert_2.1,extra_line,extra_line,False,reported_structured,visible,True,False,TIMEOUT_OR_WORKER_EXIT | TIMEOUT_OR_WORKER_EXIT | TIMEOUT_OR_WORKER_EXIT | TIMEOUT_OR_WORKER_EXIT | TIMEOUT_OR_WORKER_EXIT | TIMEOUT_OR_WORKER_EXIT | TIMEOUT_OR_WORKER_EXIT | TIMEOUT_OR_WORKER_EXIT | TIMEOUT_OR_WORKER_EXIT
gigachat,img_372_pert_2.1,segmentation,segmentation,False,reported_structured,visible,True,False,Unsupported token '\\int' | Unsupported token '\\int' | Bare word is not an exact mathematical token | Functions are outside the selected algebra subset | Bare word is not an exact mathematical token | Unbalanced delimiters | Functions are outside the selected algebra subset | Unsupported input at character 1 | Bare word is not an exact mathematical token | Unsupported token '\\int' | Bare word is not an exact mathematical token | definite integral with explicit bounds was not found
gigachat,img_109_pert_2.1,extra_line,extra_line,False,reported_structured,visible,True,False,Unsupported token '\\circ' | Unsupported input at character 15 | Unsupported input at character 15 | Unsupported input at character 15 | Task has no explicit mathematical target
gigachat,img_223_pert_2.2,extra_line,extra_line,False,reported_structured,visible,True,False,Unanchored mathematical statement | At least one node/edge proof is unresolved | Task has no explicit mathematical target
gigachat,img_465_pert_2.2,missed_line,missed_line,False,reported_structured,visible,True,False,At least one node/edge proof is unresolved | At least one node/edge proof is unresolved | At least one node/edge proof is unresolved | At least one node/edge proof is unresolved | requires two explicit X/Y matrix equations
gigachat,img_529_pert_2.2,missed_line,missed_line,False,reported_structured,visible,True,False,Unsupported input at character 6 | Unsupported input at character 2 | At least one node/edge proof is unresolved | Bare word is not an exact mathematical token
gigachat,img_573_pert_2.2,segmentation,segmentation,False,reported_structured,visible,False,True,Task has no explicit mathematical target
gigachat,img_226_pert_2.2,extra_line,extra_line,False,reported_structured,visible,True,False,Adjacent numeric literals require an explicit operator | Adjacent numeric literals require an explicit operator | Continuation requires one readable dependency | Unsupported input at character 0 | Continuation requires one readable dependency | Adjacent numeric literals require an explicit operator | Adjacent numeric literals require an explicit operator | Task has no explicit mathematical target
gigachat,img_176_pert_4.3,ambiguous,ambiguous,False,reported_structured,visible,True,False,Unanchored mathematical statement | Bare word is not an exact mathematical token | Continuation requires one readable dependency | Continuation requires one readable dependency | Unanchored mathematical statement | Bare word is not an exact mathematical token | Prose/conditions are not a fully parsed mathematical step | Continuation requires one readable dependency | Task has no explicit mathematical target
gigachat,img_92_pert_4.3,segmentation,segmentation,False,missing_goal,visible,True,False,Prose/conditions are not a fully parsed mathematical step | OCR exactness is not exact | goal is unknown
gigachat,img_91_pert_2.3,extra_line,extra_line,False,reported_structured,visible,True,False,TIMEOUT_OR_WORKER_EXIT | TIMEOUT_OR_WORKER_EXIT | TIMEOUT_OR_WORKER_EXIT | TIMEOUT_OR_WORKER_EXIT | TIMEOUT_OR_WORKER_EXIT | TIMEOUT_OR_WORKER_EXIT | TIMEOUT_OR_WORKER_EXIT | TIMEOUT_OR_WORKER_EXIT | TIMEOUT_OR_WORKER_EXIT
gigachat,img_112_pert_4.4,extra_line,extra_line,False,reported_structured,visible,True,False,Unsupported input at character 33 | Unsupported input at character 73 | Unsupported input at character 73 | Unbalanced delimiters | Continuation requires one readable dependency | Requires one explicit inequality
gigachat,img_115_pert_4.4,extra_line,extra_line,False,reported_structured,visible,True,False,Symbolic claim has no given/dependency anchor | At least one node/edge proof is unresolved | At least one node/edge proof is unresolved | Task has no explicit mathematical target
gigachat,img_529_pert_4.5,extra_line,extra_line,False,reported_structured,visible,True,False,Unsupported input at character 8 | Prose/conditions are not a fully parsed mathematical step | Prose/conditions are not a fully parsed mathematical step | Bare word is not an exact mathematical token
gigachat,img_160_pert_2.4,segmentation,segmentation,False,reported_structured,visible,False,True,
gigachat,img_560_pert_1.5,segmentation,segmentation,False,reported_structured,visible,True,False,Unanchored mathematical statement | Unanchored mathematical statement | Unanchored mathematical statement | Unanchored mathematical statement | Task has no explicit mathematical target
gigachat,img_465_pert_1.5,extra_line,extra_line,False,reported_structured,visible,True,False,unsupported operand type(s) for +: 'ImmutableDenseMatrix' and 'Symbol' | At least one node/edge proof is unresolved | At least one node/edge proof is unresolved | At least one node/edge proof is unresolved | At least one node/edge proof is unresolved | unsupported operand type(s) for +: 'ImmutableDenseMatrix' and 'Pow' | requires two explicit X/Y matrix equations
gigachat,img_540_pert_1.5,ambiguous,ambiguous,False,reported_structured,visible,True,False,Unsupported token '\\vec' | Unsupported token '\\vec' | At least one node/edge proof is unresolved | At least one node/edge proof is unresolved | Unsupported token '\\vec'
gigachat,img_153_pert_1.5,extra_line,extra_line,False,reported_structured,visible,False,True,Unanchored mathematical statement | Task has no explicit mathematical target
gigachat,img_194_pert_1.5,segmentation,segmentation,False,reported_structured,visible,False,True,Symbolic claim has no given/dependency anchor | At least one node/edge proof is unresolved | Bare word is not an exact mathematical token
gigachat,img_220_pert_1.5,extra_line,extra_line,False,reported_structured,visible,False,True,Task has no explicit mathematical target
gigachat,img_220_pert_4.6,extra_line,extra_line,False,reported_structured,visible,True,False,Unanchored mathematical statement | Unanchored mathematical statement | Task has no explicit mathematical target
gigachat,img_476_pert_5.1,extra_line,extra_line,False,reported_structured,visible,True,False,Requires one explicit inequality | Requires one explicit inequality | Requires one explicit inequality | Requires one explicit inequality | Requires one explicit inequality | Requires one explicit inequality
gigachat,img_579_pert_5.1,extra_line,extra_line,False,reported_structured,visible,True,False,Unanchored mathematical statement | Unsupported input at character 2 | At least one node/edge proof is unresolved | Bare word is not an exact mathematical token
gigachat,img_578_pert_5.1,extra_line,extra_line,False,reported_structured,visible,True,False,Unanchored mathematical statement | Unanchored mathematical statement | Unanchored mathematical statement | Unanchored mathematical statement | Unanchored mathematical statement | Bare word is not an exact mathematical token | Requires one explicit inequality | Bare word is not an exact mathematical token
gigachat,img_489_pert_5.1,extra_line,extra_line,False,reported_structured,visible,False,True,Unanchored mathematical statement | Task has no explicit mathematical target
gigachat,img_490_pert_5.1,exact,exact,True,reported_structured,visible,False,True,Unanchored mathematical statement | Task target has unresolved variables
gigachat,img_483_pert_5.1,extra_line,extra_line,False,reported_structured,visible,False,True,Unanchored mathematical statement | Task has no explicit mathematical target
gigachat,img_592_pert_5.1,segmentation,segmentation,False,reported_structured,visible,False,False,Unsupported token '\\lor' | Prose/conditions are not a fully parsed mathematical step | Prose/conditions are not a fully parsed mathematical step | Bare word is not an exact mathematical token
gigachat,img_456_pert_5.1,segmentation,segmentation,False,reported_structured,visible,True,False,Prose/conditions are not a fully parsed mathematical step | At least one node/edge proof is unresolved | Bare word is not an exact mathematical token | requires two explicit X/Y matrix equations
gigachat,img_455_pert_5.1,missed_line,missed_line,False,reported_structured,visible,True,False,Unanchored mathematical statement | At least one node/edge proof is unresolved | At least one node/edge proof is unresolved | requires two explicit X/Y matrix equations
gigachat,img_458_pert_5.1,segmentation,segmentation,False,missing_goal,visible,True,False,Unanchored mathematical statement | Unconsumed token '|'; one expression/equation per step | Unsupported input at character 0 | Unsupported input at character 0 | Unsupported input at character 0 | Unsupported input at character 0 | Unsupported input at character 0 | Unsupported input at character 0 | unsupported operand type(s) for +: 'ImmutableDenseMatrix' and 'Symbol' | goal is unknown
gigachat,img_566_pert_5.1,segmentation,segmentation,False,reported_structured,visible,True,False,Undefined real expression: nonzero restriction fails | Undefined real expression: nonzero restriction fails | Continuation requires one readable dependency | Exponent exceeds rational bounds | Exponent exceeds rational bounds | Task has no explicit mathematical target
gigachat,img_572_pert_5.1,missed_line,missed_line,False,reported_structured,visible,True,False,Unanchored mathematical statement | Bare word is not an exact mathematical token | Bare word is not an exact mathematical token | Bare word is not an exact mathematical token
gigachat,img_65_pert_5.1,exact,exact,True,reported_structured,visible,True,False,Unanchored mathematical statement | At least one node/edge proof is unresolved | goal is unknown
gigachat,img_27_pert_5.1,variable,variable,False,reported_structured,visible,True,False,Unanchored mathematical statement | At least one node/edge proof is unresolved | Task has no explicit mathematical target
gigachat,img_14_pert_5.1,segmentation,segmentation,False,missing_goal,visible,True,False,Prose/conditions are not a fully parsed mathematical step | goal is unknown
gigachat,img_49_pert_5.1,segmentation,segmentation,False,reported_structured,visible,True,False,Unanchored mathematical statement | At least one node/edge proof is unresolved | Task has no explicit mathematical target
gigachat,img_77_pert_5.1,segmentation,segmentation,False,reported_structured,visible,True,False,Prose/conditions are not a fully parsed mathematical step | Prose/conditions are not a fully parsed mathematical step | Prose/conditions are not a fully parsed mathematical step | OCR exactness is not exact | A written answer equality is required
gigachat,img_78_pert_5.1,extra_line,extra_line,False,reported_structured,visible,True,False,Prose/conditions are not a fully parsed mathematical step | OCR exactness is not exact | Unsupported token '\\text'
gigachat,img_37_pert_5.1,extra_line,extra_line,False,reported_structured,visible,True,False,Unanchored mathematical statement | OCR exactness is not exact | Task has no explicit mathematical target
gigachat,img_20_pert_5.1,segmentation,segmentation,False,reported_structured,visible,True,False,Unanchored mathematical statement | Unsupported input at character 2 | Task has no explicit mathematical target
gigachat,img_492_pert_5.1,extra_line,extra_line,False,missing_goal,visible,True,False,Unanchored mathematical statement | Unanchored mathematical statement | goal is unknown
gigachat,img_488_pert_5.1,transcription_error,transcription_error,False,missing_extraction,,True,False,
