provider,id,category,gt_verdict,e2e_verdict,cas_verdict,gt_steps,assisted_steps,task_spec,transcription_class,task_spec_class,cas_diagnostics,h3_comparison,note
gemini,img_455_pert_5.1,CAS wrong determinate,correct,correct,incorrect,2A-B=2\begin{bmatrix}1&2&3\\2&3&1\end{bmatrix}-\begin{bmatrix}3&-1&3\\-1&0&2\end{bmatrix} | =X\begin{bmatrix}1&2&3\\2&3&1\end{bmatrix}+\begin{bmatrix}-3&1&-3\\1&0&-2\end{bmatrix} | =\begin{bmatrix}a-3&4+1&6-3\\4+1&6+0&2-2\end{bmatrix} | =\begin{bmatrix}-1&5&3\\5&6&0\end{bmatrix},2A-B = 2\begin{bmatrix} 1 & 2 & 3 \\ 2 & 3 & 1 \end{bmatrix} - \begin{bmatrix} 3 & -1 & 3 \\ -1 & 0 & 2 \end{bmatrix} | = \begin{bmatrix} 1 & 2 & 3 \\ 2 & 3 & 1 \end{bmatrix} + \begin{bmatrix} -3 & 1 & -3 \\ 1 & 0 & -2 \end{bmatrix} | = \begin{bmatrix} 2-3 & 4+1 & 6-3 \\ 4+1 & 6+0 & 2-2 \end{bmatrix} | = \begin{bmatrix} -1 & 5 & 3 \\ 5 & 6 & 0 \end{bmatrix},"{""visibility"": ""visible"", ""raw_latex"": ""\\text{Question: If } A = \\begin{bmatrix} 1 & 2 & 3 \\\\ 2 & 3 & 1 \\end{bmatrix} \\text{ and } B = \\begin{bmatrix} 3 & -1 & 3 \\\\ -1 & 0 & 2 \\end{bmatrix}. \\text{ Then find } 2A-B."", ""givens"": [{""given_id"": ""g1"", ""latex"": ""A = \\begin{bmatrix} 1 & 2 & 3 \\\\ 2 & 3 & 1 \\end{bmatrix}""}, {""given_id"": ""g2"", ""latex"": ""B = \\begin{bmatrix} 3 & -1 & 3 \\\\ -1 & 0 & 2 \\end{bma…",segmentation,reported_structured,Requires explicit X+Y and X-Y matrix givens | Continuation requires one readable dependency | Continuation requires one readable dependency | Continuation requires one readable dependency | requires two explicit X/Y matrix equations,comparable,"Ложный определённый CAS-вердикт. Saved extraction и canonical GT расходятся в промежуточном элементе матрицы; CAS также фиксирует недостающие matrix bindings. Это показывает mismatch представления/проверки, но для отнесения причины к OCR, GT или CAS требуется проверка фотографии."
gemini,img_108_pert_1.4,CAS wrong determinate,incorrect,correct,correct,\sin \frac{31\pi}{3} = \sin\left(10\pi + \frac{\pi}{3}\right) = \sin \left( \pi - \frac{\pi}{3} \right) = \sin \left( \frac{2\pi}{3} \right) = \frac{\sqrt{3}}{2}.,\sin\frac{31\pi}{3} = \sin\left(10\pi + \frac{\pi}{3}\right) = \sin\left(\pi - \frac{\pi}{3}\right) | = \sin\left(\frac{2\pi}{3}\right) = \frac{\sqrt{3}}{2},"{""visibility"": ""visible"", ""raw_latex"": ""\\text{Question : Find the value of }\\sin\\frac{31\\pi}{3}."", ""goal"": {""type"": ""evaluate"", ""target_latex"": ""\\sin\\frac{31\\pi}{3}""}}",extra_line,reported_structured,,comparable,"Ложный определённый CAS-вердикт. Тригонометрическая цепочка имеет тот же финальный результат, что GT, но GT помечает решение как incorrect. Артефакты не позволяют отделить принятие неверного перехода CAS от проблемы GT/фото; нужна ручная проверка."
gemini,img_529_pert_4.5,CAS wrong determinate,incorrect,incorrect,correct,y + 1 = 3 \quad \text{and} \quad x - 2 = 1. | y = 2 \quad \text{and} \quad x = 3.,y+1=3 \text{ and } x-2=1 | y=2 \text{ and } x=3,"{""visibility"": ""visible"", ""raw_latex"": ""\\text{Question: If }(x+1, y-2)=(3,1), \\text{ Find the values of }x\\text{ and }y."", ""givens"": [{""given_id"": ""g1"", ""latex"": ""(x+1, y-2)=(3,1)""}], ""goal"": {""type"": ""solve"", ""target_latex"": ""x, y""}}",segmentation,reported_structured,Prose/conditions are not a fully parsed mathematical step | Prose/conditions are not a fully parsed mathematical step | Unsupported input at character 4,comparable,"Ложный определённый CAS-вердикт. Задача с упорядоченной парой извлечена в те же два уравнения, что canonical GT, но CAS даёт correct при GT=incorrect. Это семантическое расхождение TaskSpec/проверки, а не доказанная OCR-причина."
gemini,img_77_pert_5.1,CAS wrong determinate,correct,correct,incorrect,R=\frac{9.8}{2}=4.9 | \pi R^2=\frac{22}{7}(4.9)^2=\frac{22}{7}\times4.9\times4.9=75.46,"\text{Diameter, } D = 9.8\text{ m . Therefore, radius } R = \frac{9.8}{2} = 4.9\text{ m} | \text{Area of the circle} = \pi R^2 = \frac{22}{7} \times (4.9)^2\text{ m}^2 = \frac{22}{7} \times 4.9 \times 4.9\text{ m}^2 | = 75.46\text{ m}^2","{""visibility"": ""visible"", ""raw_latex"": ""\\text{Question : Diameter of a circular garden is } 9.8\\text{ m . Find its area.}"", ""givens"": [{""given_id"": ""g1"", ""latex"": ""D = 9.8\\text{ m}""}], ""goal"": {""type"": ""evaluate"", ""target_latex"": ""\\text{Area}""}}",missed_line,reported_structured,Prose/conditions are not a fully parsed mathematical step | Prose/conditions are not a fully parsed mathematical step | Prose/conditions are not a fully parsed mathematical step | Unsupported token '\\text',comparable,Ложный определённый CAS-вердикт. Extraction разворачивает запись в строки с прозой и имеет класс missed-line. Diagnostics содержат ошибки разбора прозы; единственную причину неверного финального вердикта без просмотра изображения назначать нельзя.
gemini,img_78_pert_5.1,CAS wrong determinate,correct,incorrect,incorrect,4\pi a^2=4\times\frac{22}{7}\times a\times a=616,4\pi a^2 = 4 \times \frac{22}{7} \times a \times a\text{ cm}^2 = 616\text{ cm}^2,"{""visibility"": ""visible"", ""raw_latex"": ""\\text{Question : Find the surface area of a sphere of radius } 7\\text{ cm.}"", ""givens"": [{""given_id"": ""g1"", ""latex"": ""r = 7\\text{ cm}""}], ""goal"": {""type"": ""evaluate"", ""target_latex"": ""\\text{surface area of a sphere}""}}",missed_line,reported_structured,Prose/conditions are not a fully parsed mathematical step | Unsupported token '\\text',comparable,"Ложный определённый CAS-вердикт с missed-line extraction и unsupported-text diagnostics. Он совместим с влиянием recognition/normalisation на проверку, но данные не доказывают, что это единственная причина вердикта."
gemini,img_400_pert_5.1,CAS indeterminate,correct,correct,indeterminate,\log z = x \log a | \frac{1}{z} \frac{dz}{dx} = \log a | \frac{dz}{dx} = z \log a | \frac{d}{dx}(a^x) = a^x \log a,z = a^x | \log z = x \log a | \frac{1}{z} \frac{dz}{dx} = \log a | \frac{dz}{dx} = z \log a | \frac{d}{dx}(a^x) = a^x \log a,"{""visibility"": ""visible"", ""raw_latex"": ""\\text{Question: Differentiate } a^x \\text{ w.r.t. } x\\text{, where } a \\text{ is a positive constant.}"", ""goal"": {""type"": ""compute_function"", ""target_latex"": ""\\frac{d}{dx}(a^x)""}, ""constraints"": [""a > 0""]}",extra_line,reported_structured,Symbolic exponent requires a constant positive base | At least one node/edge proof is unresolved | Differential notation needs a calculus verifier | Differential notation needs a calculus verifier | Differential notation needs a calculus verifier | Differential notation needs a calculus verifier,cas_or_e2e_not_decidable,"Indeterminate при структурированном TaskSpec: diagnostics явно требуют постоянное положительное основание и оставляют граф зависимостей неразрешённым. Это подтверждённое ограничение области/предпосылок CAS, а не свидетельство ошибки ученика."
gemini,img_374_pert_5.1,CAS indeterminate,correct,correct,indeterminate,"I = \int_0^{\pi} \frac{u \sin u}{1 + \cos^2 u} \, du. | I = \int_0^{\pi} \frac{(\pi - u) \sin(\pi - u)}{1 + \cos^2(\pi - u)} \, du | = \int_0^{\pi} \frac{(\pi - u) \sin u}{1 + \cos^2 u} \, du = \pi \int_0^{\pi} \frac{\sin u}{1 + \cos^2 u} \, du - I. | 2I = \pi \int_0^{\pi} \frac{\sin u}{1 + \cos^2 u} \, du | I = \frac{\pi}{2} \int_0^{\pi} \frac{\sin u}{1 + \cos^2 u} \, du. | I = \frac{\pi}{2} \int_{-1}^{1} \frac{dt}{1 + t^2} = \frac{\pi}{2} \cdot \frac{\pi}{2} = \frac{\pi^2}{4}.","I = \int_{0}^{\pi} \frac{u \sin u}{1 + \cos^2 u} \, du | I = \int_{0}^{\pi} \frac{(\pi - u) \sin(\pi - u)}{1 + \cos^2(\pi - u)} \, du | = \int_{0}^{\pi} \frac{(\pi - u) \sin u}{1 + \cos^2 u} \, du = \pi \int_{0}^{\pi} \frac{\sin u}{1 + \cos^2 u} \, du - I | 2I = \pi \int_{0}^{\pi} \frac{\sin u}{1 + \cos^2 u} \, du | I = \frac{\pi}{2} \int_{0}^{\pi} \frac{\sin u}{1 + \cos^2 u} \, du | \text{Put } \cos u = t \text{ so that } -\sin u \, du = dt. \text{ when } u=0, t=1 \text{ and when } u=\pi, t=-1. \text{ Therefore, we get} | I = \frac{\pi}{2} \int_{-1}^{1} \frac{dt}{1 + t^2} = \frac{\pi}{2} \cdot \frac{\pi}{2} = \frac{\pi^2}{4}","{""visibility"": ""visible"", ""raw_latex"": ""\\text{Question: Evaluate } I = \\int_{0}^{\\pi} \\frac{x \\sin x}{1 + \\cos^2 x} \\, dx."", ""givens"": [{""given_id"": ""g1"", ""latex"": ""I = \\int_{0}^{\\pi} \\frac{x \\sin x}{1 + \\cos^2 x} \\, dx""}], ""goal"": {""type"": ""evaluate"", ""target_latex"": ""I""}}",extra_line,reported_structured,Unsupported token '\\int' | Unsupported token '\\int' | Unsupported token '\\int' | Unsupported token '\\int' | Unsupported token '\\int' | Prose/conditions are not a fully parsed mathematical step | Differential notation needs a calculus verifier | definite integral with explicit bounds was not found,cas_or_e2e_not_decidable,"Indeterminate при почти полной extraction определённого интеграла. Diagnostics явно не поддерживают интегральную нотацию; это ограничение области CAS, а не наблюдаемая ошибка транскрипции."
gemini,img_98_pert_2.1,CAS indeterminate,incorrect,incorrect,indeterminate,"\cos^2 A + \sin^2 A = 1, | \cos^2 A = 1 - \sin^2 A, \text{ i.e., } \cos A = \pm (1 - \sin^2 A) | \cos A = 1 - \sin^2 A. | \tan A = \frac{\sin A}{\cos A} = \frac{\sin A}{1 - \sin^2 A} | \sec A = \frac{1}{\cos A} = \frac{1}{1 - \sin^2 A}.","\cos^2 A + \sin^2 A = 1 | \cos^2 A = 1 - \sin^2 A, \text{ i.e., } \cos A = \pm(1 - \sin^2 A) | \cos A = 1 - \sin^2 A | \tan A = \frac{\sin A}{\cos A} = \frac{\sin A}{1 - \sin^2 A} | \sec A = \frac{1}{\cos A} = \frac{1}{1 - \sin^2 A}","{""visibility"": ""visible"", ""raw_latex"": ""\\text{Question :- Express the ratios } \\cos A, \\tan A, \\text{ and } \\sec A \\text{ in terms of } \\sin A."", ""goal"": {""type"": ""simplify"", ""target_latex"": ""\\cos A, \\tan A, \\sec A""}}",exact,reported_structured,TIMEOUT_OR_WORKER_EXIT | TIMEOUT_OR_WORKER_EXIT | TIMEOUT_OR_WORKER_EXIT | TIMEOUT_OR_WORKER_EXIT | TIMEOUT_OR_WORKER_EXIT | TIMEOUT_OR_WORKER_EXIT,cas_or_e2e_not_decidable,"Exact extraction, но indeterminate из-за сохранённых diagnostics TIMEOUT_OR_WORKER_EXIT. Кейс показывает, что точный LaTeX сам по себе не гарантирует CAS coverage."
gigachat,img_190_pert_3.2,CAS wrong determinate,incorrect,incorrect,correct,\frac{4.2 \times 3.8 \times 7.6}{3} = 5.2.,\frac{4.2 + 3.8 + 7.6}{3} | \frac{15.6}{3} | 5.2,"{""visibility"": ""visible"", ""raw_latex"": ""Find the average of 4.2, 3.8 and 7.6."", ""goal"": {""type"": ""compute_function"", ""target_latex"": ""\\operatorname{average}""}}",extra_line,reported_structured,Unanchored mathematical statement | A written answer equality is required,comparable,"Сильный пример влияния recognition: GT содержит произведение в расчёте среднего, а extraction использует сумму и получает 5.2. CAS принимает извлечённую цепочку, хотя GT помечает исходное решение incorrect. Фото может подтвердить исходную нотацию."
gigachat,img_387_pert_5.1,CAS indeterminate,correct,incorrect,indeterminate,\frac{dz}{du} = 3u^2 + \sec^2 u | \frac{d^2 z}{du^2} = \frac{d}{du} (3u^2 + \sec^2 u) = 6u + 2 \sec u \tan u,\frac{dy}{du}=3u^2+sec^2 u | \frac{d^2x}{du^2}=\frac{d}{(3u^2+sec^2 u)}=6u+2 sec u tan u,"{""visibility"": ""visible"", ""raw_latex"": ""Find \\frac{d^2y}{dx^2}, if y = x^3 + tan x.""}",segmentation,missing_goal,Differential notation needs a calculus verifier | Differential notation needs a calculus verifier | goal is unknown,cas_or_e2e_not_decidable,"Indeterminate с TaskSpec класса missing_goal и diagnostics, требующими calculus verifier. Наблюдаются и структурная неполнота, и неподдерживаемая математическая область; их индивидуальный вклад неразделим."
gigachat,img_65_pert_5.1,CAS indeterminate,correct,correct,indeterminate,\sqrt{(u-3)^2+(v-4)^2+(w+5)^2}=\sqrt{(u+2)^2+(v-1)^2+(w-4)^2} | (u-3)^2+(v-4)^2+(w+5)^2=(u+2)^2+(v-1)^2+(w-4)^2 | 10u+6v-18w-29=0,\sqrt{(u-3)^2+(v-4)^2+(w+5)^2}= \sqrt{(u+2)^2+(v-1)^2+(w-4)^2} | ( u - 3 ) ^ 2 + ( v - 4 ) ^ 2 + ( w + 5 ) ^ 2 = ( u + 2 ) ^ 2 + ( v - 1 ) ^ 2 + ( w - 4 ) ^ 2 | 10u + 6v - 18w - 29 = 0,"{""visibility"": ""visible"", ""raw_latex"": ""Find the equation of the set of points P such that its distances from the point A ( 3 , 4 , − 5 ) and B ( − 2 , 1 , 4 ) are equal."", ""goal"": {""type"": ""unknown""}}",exact,reported_structured,Unanchored mathematical statement | At least one node/edge proof is unresolved | goal is unknown,cas_or_e2e_not_decidable,"Exact step transcription, но indeterminate. Diagnostics фиксируют unanchored statement/unknown goal: это ограничение привязки TaskSpec даже без найденного step-level OCR mismatch."
gigachat,img_488_pert_5.1,API/contract missing,correct,correct,missing_or_failed,"z+2y=3 | z=3-2y | 7(3-2y)-15y=2 | 21-14y-15y=2 | 21-29y=2 | -29y=-19 | y=\frac{19}{29} | z=3-2\left(\frac{19}{29}\right)=\frac{49}{29} | z=\frac{49}{29},\quad y=\frac{19}{29}",,null,transcription_error,missing_extraction,,cas_or_e2e_not_decidable,"Технический contract failure, а не математический abstention: повторный output содержал пустое обязательное поле target_latex. Он остаётся missing в all-denominator metrics и не считается CAS indeterminate."
gigachat,img_592_pert_5.1,CAS wrong determinate,correct,correct,incorrect,"y^2+7y+10=(y+2)(y+5) | y+2=0\ \text{or}\ y+5=0,\quad y=-2\ \text{or}\ y=-5 | -2+(-5)=-7=-\frac{7}{1} | (-2)(-5)=10=\frac{10}{1}",y^2+7y+10=(y+2)(y+5) | (y+2)(y+5)=0 | y=-2 \lor y=-5 | \text{Sum of zeros}=-2+(-5)=-7=-rac{	ext{Coefficient of }y}{	ext{Coefficient of }y^2} | \text{Product of zeros}=(-2)\times (-5)=10=\frac{	ext{Constant term}}{	ext{Coefficient of }y^2},"{""visibility"": ""visible"", ""raw_latex"": ""Question: Find the roots of the quadratic polynomial x^2 + 7x + 10 and verify the relationship between the zeros and the coefficients."", ""goal"": {""type"": ""solve"", ""target_latex"": ""x""}}",segmentation,reported_structured,Unsupported token '\\lor' | Prose/conditions are not a fully parsed mathematical step | Prose/conditions are not a fully parsed mathematical step | Bare word is not an exact mathematical token,comparable,"Ложный определённый CAS-вердикт с segmentation error и unsupported logical/prose diagnostics. Артефакты подтверждают mismatch представления, но для установления первопричины нужна визуальная проверка."
