domain,provider,feature,extraction_error_class,cases,cas_indeterminate
algebraic_expression,gemini,fractions,extra_line,4,3
algebraic_expression,gemini,fractions,variable,1,1
algebraic_expression,gemini,polynomials,extra_line,3,2
algebraic_expression,gemini,polynomials,exact,1,1
algebraic_expression,gemini,polynomials,operator,1,0
algebraic_expression,gemini,powers,extra_line,6,4
algebraic_expression,gemini,powers,exact,1,0
algebraic_expression,gemini,powers,operator,1,0
algebraic_expression,gemini,powers,variable,1,1
algebraic_expression,gemini,radicals,exact,1,0
algebraic_expression,gemini,radicals,variable,1,1
algebraic_expression,gigachat,fractions,extra_line,4,3
algebraic_expression,gigachat,fractions,segmentation,1,1
algebraic_expression,gigachat,polynomials,segmentation,3,2
algebraic_expression,gigachat,polynomials,extra_line,2,1
algebraic_expression,gigachat,powers,extra_line,5,4
algebraic_expression,gigachat,powers,segmentation,4,3
algebraic_expression,gigachat,radicals,segmentation,2,1
arithmetic,gemini,fractions,extra_line,4,4
arithmetic,gemini,fractions,missed_line,2,2
arithmetic,gemini,fractions,segmentation,1,0
arithmetic,gemini,fractions,variable,1,1
arithmetic,gemini,powers,missed_line,1,1
arithmetic,gemini,radicals,extra_line,2,0
arithmetic,gemini,word_problem,segmentation,1,0
arithmetic,gigachat,fractions,extra_line,4,2
arithmetic,gigachat,fractions,segmentation,3,2
arithmetic,gigachat,fractions,ambiguous,1,1
arithmetic,gigachat,powers,segmentation,1,1
arithmetic,gigachat,radicals,extra_line,1,0
arithmetic,gigachat,radicals,segmentation,1,0
arithmetic,gigachat,word_problem,segmentation,1,0
calculus,gemini,absolute_value,exact,1,1
calculus,gemini,absolute_value,missed_line,1,1
calculus,gemini,derivatives,extra_line,2,2
calculus,gemini,derivatives,exact,1,0
calculus,gemini,derivatives,segmentation,1,1
calculus,gemini,fractions,extra_line,2,2
calculus,gemini,fractions,exact,1,0
calculus,gemini,integrals,exact,1,1
calculus,gemini,integrals,extra_line,1,1
calculus,gemini,integrals,missed_line,1,1
calculus,gemini,integrals,segmentation,1,1
calculus,gemini,logarithms,extra_line,1,1
calculus,gemini,polynomials,exact,1,1
calculus,gemini,polynomials,missed_line,1,1
calculus,gemini,powers,extra_line,2,2
calculus,gemini,powers,segmentation,1,1
calculus,gemini,radicals,extra_line,1,1
calculus,gemini,radicals,segmentation,1,1
calculus,gemini,trigonometric_functions,segmentation,2,2
calculus,gemini,trigonometric_functions,exact,1,0
calculus,gemini,trigonometric_functions,extra_line,1,1
calculus,gigachat,absolute_value,extra_line,1,1
calculus,gigachat,absolute_value,segmentation,1,1
calculus,gigachat,derivatives,extra_line,1,1
calculus,gigachat,derivatives,missed_line,1,1
calculus,gigachat,derivatives,operator,1,0
calculus,gigachat,derivatives,segmentation,1,1
calculus,gigachat,fractions,extra_line,1,1
calculus,gigachat,fractions,operator,1,0
calculus,gigachat,fractions,segmentation,1,1
calculus,gigachat,integrals,segmentation,3,3
calculus,gigachat,integrals,extra_line,1,1
calculus,gigachat,logarithms,missed_line,1,1
calculus,gigachat,polynomials,extra_line,1,1
calculus,gigachat,polynomials,segmentation,1,1
calculus,gigachat,powers,extra_line,1,1
calculus,gigachat,powers,missed_line,1,1
calculus,gigachat,powers,segmentation,1,1
calculus,gigachat,radicals,extra_line,1,1
calculus,gigachat,radicals,segmentation,1,1
calculus,gigachat,trigonometric_functions,segmentation,3,3
calculus,gigachat,trigonometric_functions,operator,1,0
equation,gemini,fractions,missed_line,2,2
equation,gemini,fractions,extra_line,1,1
equation,gemini,fractions,segmentation,1,1
equation,gemini,fractions,variable,1,1
equation,gemini,other,segmentation,2,1
equation,gemini,other,extra_line,1,1
equation,gemini,polynomials,missed_line,2,2
equation,gemini,polynomials,extra_line,1,1
equation,gemini,polynomials,segmentation,1,0
equation,gemini,powers,extra_line,1,1
equation,gemini,powers,missed_line,1,1
equation,gemini,powers,segmentation,1,1
equation,gemini,systems,variable,1,1
equation,gemini,word_problem,missed_line,2,2
equation,gemini,word_problem,extra_line,1,1
equation,gigachat,fractions,extra_line,2,1
equation,gigachat,fractions,missed_line,2,2
equation,gigachat,fractions,transcription_error,1,0
equation,gigachat,other,extra_line,2,2
equation,gigachat,other,missed_line,1,1
equation,gigachat,polynomials,extra_line,2,2
equation,gigachat,polynomials,missed_line,1,1
equation,gigachat,polynomials,segmentation,1,0
equation,gigachat,powers,missed_line,2,2
equation,gigachat,powers,extra_line,1,1
equation,gigachat,systems,transcription_error,1,0
equation,gigachat,word_problem,extra_line,2,0
equation,gigachat,word_problem,exact,1,0
function,gemini,other,digit,1,1
function,gigachat,other,segmentation,1,1
geometry,gemini,fractions,segmentation,3,3
geometry,gemini,fractions,exact,2,2
geometry,gemini,fractions,ambiguous,1,1
geometry,gemini,fractions,missed_line,1,1
geometry,gemini,other,extra_line,1,1
geometry,gemini,other,segmentation,1,1
geometry,gemini,powers,missed_line,4,2
geometry,gemini,powers,extra_line,1,1
geometry,gemini,powers,segmentation,1,0
geometry,gemini,radicals,segmentation,2,1
geometry,gemini,radicals,extra_line,1,1
geometry,gemini,trigonometric_functions,exact,2,2
geometry,gemini,word_problem,missed_line,4,2
geometry,gemini,word_problem,exact,1,1
geometry,gemini,word_problem,segmentation,1,0
geometry,gigachat,fractions,segmentation,4,4
geometry,gigachat,fractions,ambiguous,1,1
geometry,gigachat,fractions,extra_line,1,1
geometry,gigachat,fractions,variable,1,1
geometry,gigachat,other,segmentation,1,1
geometry,gigachat,other,variable,1,1
geometry,gigachat,powers,segmentation,3,3
geometry,gigachat,powers,extra_line,2,2
geometry,gigachat,powers,exact,1,1
geometry,gigachat,radicals,segmentation,2,2
geometry,gigachat,radicals,exact,1,1
geometry,gigachat,trigonometric_functions,ambiguous,1,1
geometry,gigachat,trigonometric_functions,segmentation,1,1
geometry,gigachat,word_problem,segmentation,4,4
geometry,gigachat,word_problem,extra_line,2,2
inequality,gemini,fractions,operator,1,1
inequality,gigachat,fractions,extra_line,1,1
linear_algebra,gemini,absolute_value,segmentation,1,1
linear_algebra,gemini,fractions,ambiguous,1,1
linear_algebra,gemini,fractions,segmentation,1,1
linear_algebra,gemini,matrices,ambiguous,4,4
linear_algebra,gemini,matrices,segmentation,4,3
linear_algebra,gemini,matrices,extra_line,2,2
linear_algebra,gemini,other,exact,1,0
linear_algebra,gemini,other,extra_line,1,1
linear_algebra,gemini,radicals,exact,1,0
linear_algebra,gemini,systems,ambiguous,1,1
linear_algebra,gigachat,absolute_value,segmentation,1,1
linear_algebra,gigachat,fractions,extra_line,1,1
linear_algebra,gigachat,fractions,segmentation,1,1
linear_algebra,gigachat,matrices,segmentation,4,4
linear_algebra,gigachat,matrices,extra_line,3,3
linear_algebra,gigachat,matrices,missed_line,2,2
linear_algebra,gigachat,matrices,ambiguous,1,1
linear_algebra,gigachat,other,missed_line,1,0
linear_algebra,gigachat,other,segmentation,1,1
linear_algebra,gigachat,radicals,segmentation,1,1
linear_algebra,gigachat,systems,extra_line,1,1
trigonometry,gemini,fractions,exact,3,3
trigonometry,gemini,fractions,extra_line,1,1
trigonometry,gemini,powers,exact,2,2
trigonometry,gemini,radicals,extra_line,4,3
trigonometry,gemini,radicals,exact,1,1
trigonometry,gemini,trigonometric_functions,extra_line,5,4
trigonometry,gemini,trigonometric_functions,exact,3,3
trigonometry,gigachat,fractions,extra_line,4,4
trigonometry,gigachat,powers,extra_line,2,2
trigonometry,gigachat,radicals,extra_line,5,4
trigonometry,gigachat,trigonometric_functions,extra_line,8,7
