domain,provider,examples,gt_correct,gt_incorrect,e2e_correct,e2e_accuracy,assisted_determinate,assisted_correct_determinate,assisted_wrong_determinate,assisted_indeterminate,assisted_missing_or_failed,assisted_coverage,assisted_selective_accuracy,assisted_correct_determinate_over_all
algebraic_expression,gemini,12,4,8,8,0.6666666666666666,5,4,1,7,0,0.4166666666666667,0.8,0.3333333333333333
algebraic_expression,gigachat,12,4,8,8,0.6666666666666666,4,3,1,8,0,0.3333333333333333,0.75,0.25
arithmetic,gemini,10,3,7,9,0.9,3,3,0,7,0,0.3,1.0,0.3
arithmetic,gigachat,10,3,7,7,0.7,5,3,2,5,0,0.5,0.6,0.3
calculus,gemini,8,4,4,6,0.75,1,1,0,7,0,0.125,1.0,0.125
calculus,gigachat,8,4,4,4,0.5,1,1,0,7,0,0.125,1.0,0.125
equation,gemini,13,10,3,9,0.6923076923076923,2,0,2,11,0,0.15384615384615385,0.0,0.0
equation,gigachat,13,10,3,11,0.8461538461538461,4,3,1,8,1,0.3076923076923077,0.75,0.23076923076923078
function,gemini,1,0,1,1,1.0,0,0,0,1,0,0.0,,0.0
function,gigachat,1,0,1,0,0.0,0,0,0,1,0,0.0,,0.0
geometry,gemini,15,11,4,11,0.7333333333333333,3,1,2,12,0,0.2,0.3333333333333333,0.06666666666666667
geometry,gigachat,15,11,4,9,0.6,0,0,0,15,0,0.0,,0.0
inequality,gemini,1,1,0,1,1.0,0,0,0,1,0,0.0,,0.0
inequality,gigachat,1,1,0,0,0.0,0,0,0,1,0,0.0,,0.0
linear_algebra,gemini,12,6,6,8,0.6666666666666666,2,1,1,10,0,0.16666666666666666,0.5,0.08333333333333333
linear_algebra,gigachat,12,6,6,4,0.3333333333333333,1,1,0,11,0,0.08333333333333333,1.0,0.08333333333333333
trigonometry,gemini,8,0,8,6,0.75,1,0,1,7,0,0.125,0.0,0.0
trigonometry,gigachat,8,0,8,1,0.125,1,0,1,7,0,0.125,0.0,0.0
