provider,id,cas_outcome,gt_verdict,e2e_verdict,e2e_correct,cas_verdict,cas_correct
gemini,img_400_pert_5.1,CAS indeterminate,correct,correct,True,indeterminate,False
gemini,img_374_pert_5.1,CAS indeterminate,correct,correct,True,indeterminate,False
gemini,img_19_pert_5.1,CAS indeterminate,correct,correct,True,indeterminate,False
gemini,img_559_pert_5.1,CAS indeterminate,correct,correct,True,indeterminate,False
gemini,img_464_pert_5.1,CAS indeterminate,correct,incorrect,False,indeterminate,False
gemini,img_387_pert_5.1,CAS indeterminate,correct,incorrect,False,indeterminate,False
gemini,img_22_pert_5.1,CAS indeterminate,correct,correct,True,indeterminate,False
gemini,img_568_pert_5.2,CAS wrong determinate,correct,incorrect,False,incorrect,False
gemini,img_482_pert_5.2,CAS indeterminate,correct,incorrect,False,indeterminate,False
gemini,img_559_pert_5.2,CAS indeterminate,correct,correct,True,indeterminate,False
gemini,img_448_pert_5.2,CAS indeterminate,correct,incorrect,False,indeterminate,False
gemini,img_173_pert_5.3,CAS indeterminate,correct,incorrect,False,indeterminate,False
gemini,img_165_pert_5.3,CAS indeterminate,correct,correct,True,indeterminate,False
gemini,img_193_pert_5.3,CAS indeterminate,correct,correct,True,indeterminate,False
gemini,img_375_pert_5.3,CAS indeterminate,correct,incorrect,False,indeterminate,False
gemini,img_233_pert_3.2,CAS indeterminate,incorrect,incorrect,True,indeterminate,False
gemini,img_190_pert_3.2,CAS indeterminate,incorrect,incorrect,True,indeterminate,False
gemini,img_559_pert_3.2,CAS correct determinate,incorrect,correct,False,incorrect,True
gemini,img_172_pert_3.2,CAS indeterminate,incorrect,incorrect,True,indeterminate,False
gemini,img_586_pert_3.2,CAS correct determinate,incorrect,incorrect,True,incorrect,True
gemini,img_448_pert_3.2,CAS indeterminate,incorrect,incorrect,True,indeterminate,False
gemini,img_173_pert_2.5,CAS indeterminate,incorrect,incorrect,True,indeterminate,False
gemini,img_35_pert_2.5,CAS correct determinate,incorrect,correct,False,incorrect,True
gemini,img_375_pert_2.5,CAS indeterminate,incorrect,incorrect,True,indeterminate,False
gemini,img_574_pert_2.5,CAS indeterminate,incorrect,incorrect,True,indeterminate,False
gemini,img_395_pert_2.5,CAS correct determinate,incorrect,incorrect,True,incorrect,True
gemini,img_68_pert_2.5,CAS indeterminate,incorrect,incorrect,True,indeterminate,False
gemini,img_111_pert_1.3,CAS indeterminate,incorrect,incorrect,True,indeterminate,False
gemini,img_463_pert_1.3,CAS correct determinate,incorrect,incorrect,True,incorrect,True
gemini,img_465_pert_1.3,CAS indeterminate,incorrect,correct,False,indeterminate,False
gemini,img_108_pert_1.4,CAS wrong determinate,incorrect,correct,False,correct,False
gemini,img_427_pert_1.4,CAS indeterminate,incorrect,incorrect,True,indeterminate,False
gemini,img_472_pert_1.4,CAS indeterminate,incorrect,correct,False,indeterminate,False
gemini,img_503_pert_1.4,CAS indeterminate,incorrect,incorrect,True,indeterminate,False
gemini,img_466_pert_1.4,CAS indeterminate,incorrect,incorrect,True,indeterminate,False
gemini,img_111_pert_2.1,CAS indeterminate,incorrect,incorrect,True,indeterminate,False
gemini,img_98_pert_2.1,CAS indeterminate,incorrect,incorrect,True,indeterminate,False
gemini,img_372_pert_2.1,CAS indeterminate,incorrect,incorrect,True,indeterminate,False
gemini,img_109_pert_2.1,CAS indeterminate,incorrect,incorrect,True,indeterminate,False
gemini,img_223_pert_2.2,CAS correct determinate,incorrect,incorrect,True,incorrect,True
gemini,img_465_pert_2.2,CAS indeterminate,incorrect,incorrect,True,indeterminate,False
gemini,img_529_pert_2.2,CAS indeterminate,incorrect,incorrect,True,indeterminate,False
gemini,img_573_pert_2.2,CAS correct determinate,incorrect,incorrect,True,incorrect,True
gemini,img_226_pert_2.2,CAS indeterminate,incorrect,incorrect,True,indeterminate,False
gemini,img_176_pert_4.3,CAS indeterminate,correct,correct,True,indeterminate,False
gemini,img_92_pert_4.3,CAS indeterminate,correct,correct,True,indeterminate,False
gemini,img_91_pert_2.3,CAS indeterminate,incorrect,correct,False,indeterminate,False
gemini,img_112_pert_4.4,CAS indeterminate,incorrect,incorrect,True,indeterminate,False
gemini,img_115_pert_4.4,CAS indeterminate,incorrect,incorrect,True,indeterminate,False
gemini,img_529_pert_4.5,CAS wrong determinate,incorrect,incorrect,True,correct,False
gemini,img_160_pert_2.4,CAS correct determinate,incorrect,incorrect,True,incorrect,True
gemini,img_560_pert_1.5,CAS indeterminate,incorrect,incorrect,True,indeterminate,False
gemini,img_465_pert_1.5,CAS indeterminate,incorrect,incorrect,True,indeterminate,False
gemini,img_540_pert_1.5,CAS indeterminate,incorrect,incorrect,True,indeterminate,False
gemini,img_153_pert_1.5,CAS correct determinate,incorrect,incorrect,True,incorrect,True
gemini,img_194_pert_1.5,CAS correct determinate,incorrect,incorrect,True,incorrect,True
gemini,img_220_pert_1.5,CAS indeterminate,incorrect,incorrect,True,indeterminate,False
gemini,img_220_pert_4.6,CAS indeterminate,incorrect,correct,False,indeterminate,False
gemini,img_476_pert_5.1,CAS indeterminate,correct,correct,True,indeterminate,False
gemini,img_579_pert_5.1,CAS indeterminate,correct,incorrect,False,indeterminate,False
gemini,img_578_pert_5.1,CAS indeterminate,correct,correct,True,indeterminate,False
gemini,img_489_pert_5.1,CAS indeterminate,correct,correct,True,indeterminate,False
gemini,img_490_pert_5.1,CAS indeterminate,correct,correct,True,indeterminate,False
gemini,img_483_pert_5.1,CAS indeterminate,correct,correct,True,indeterminate,False
gemini,img_592_pert_5.1,CAS wrong determinate,correct,incorrect,False,incorrect,False
gemini,img_456_pert_5.1,CAS indeterminate,correct,correct,True,indeterminate,False
gemini,img_455_pert_5.1,CAS wrong determinate,correct,correct,True,incorrect,False
gemini,img_458_pert_5.1,CAS indeterminate,correct,correct,True,indeterminate,False
gemini,img_566_pert_5.1,CAS indeterminate,correct,incorrect,False,indeterminate,False
gemini,img_572_pert_5.1,CAS indeterminate,correct,incorrect,False,indeterminate,False
gemini,img_65_pert_5.1,CAS indeterminate,correct,correct,True,indeterminate,False
gemini,img_27_pert_5.1,CAS indeterminate,correct,correct,True,indeterminate,False
gemini,img_14_pert_5.1,CAS indeterminate,correct,correct,True,indeterminate,False
gemini,img_49_pert_5.1,CAS indeterminate,correct,correct,True,indeterminate,False
gemini,img_77_pert_5.1,CAS wrong determinate,correct,correct,True,incorrect,False
gemini,img_78_pert_5.1,CAS wrong determinate,correct,incorrect,False,incorrect,False
gemini,img_37_pert_5.1,CAS indeterminate,correct,incorrect,False,indeterminate,False
gemini,img_20_pert_5.1,CAS indeterminate,correct,correct,True,indeterminate,False
gemini,img_492_pert_5.1,CAS indeterminate,correct,incorrect,False,indeterminate,False
gemini,img_488_pert_5.1,CAS indeterminate,correct,correct,True,indeterminate,False
gigachat,img_400_pert_5.1,CAS indeterminate,correct,correct,True,indeterminate,False
gigachat,img_374_pert_5.1,CAS indeterminate,correct,correct,True,indeterminate,False
gigachat,img_19_pert_5.1,CAS indeterminate,correct,correct,True,indeterminate,False
gigachat,img_559_pert_5.1,CAS correct determinate,correct,correct,True,correct,True
gigachat,img_464_pert_5.1,CAS correct determinate,correct,incorrect,False,correct,True
gigachat,img_387_pert_5.1,CAS indeterminate,correct,incorrect,False,indeterminate,False
gigachat,img_22_pert_5.1,CAS indeterminate,correct,incorrect,False,indeterminate,False
gigachat,img_568_pert_5.2,CAS indeterminate,correct,correct,True,indeterminate,False
gigachat,img_482_pert_5.2,CAS indeterminate,correct,correct,True,indeterminate,False
gigachat,img_559_pert_5.2,CAS wrong determinate,correct,correct,True,incorrect,False
gigachat,img_448_pert_5.2,CAS indeterminate,correct,incorrect,False,indeterminate,False
gigachat,img_173_pert_5.3,CAS indeterminate,correct,correct,True,indeterminate,False
gigachat,img_165_pert_5.3,CAS indeterminate,correct,correct,True,indeterminate,False
gigachat,img_193_pert_5.3,CAS wrong determinate,correct,correct,True,incorrect,False
gigachat,img_375_pert_5.3,CAS indeterminate,correct,incorrect,False,indeterminate,False
gigachat,img_233_pert_3.2,CAS indeterminate,incorrect,correct,False,indeterminate,False
gigachat,img_190_pert_3.2,CAS wrong determinate,incorrect,incorrect,True,correct,False
gigachat,img_559_pert_3.2,CAS indeterminate,incorrect,correct,False,indeterminate,False
gigachat,img_172_pert_3.2,CAS indeterminate,incorrect,incorrect,True,indeterminate,False
gigachat,img_586_pert_3.2,CAS indeterminate,incorrect,incorrect,True,indeterminate,False
gigachat,img_448_pert_3.2,CAS indeterminate,incorrect,incorrect,True,indeterminate,False
gigachat,img_173_pert_2.5,CAS indeterminate,incorrect,correct,False,indeterminate,False
gigachat,img_35_pert_2.5,CAS indeterminate,incorrect,correct,False,indeterminate,False
gigachat,img_375_pert_2.5,CAS indeterminate,incorrect,incorrect,True,indeterminate,False
gigachat,img_574_pert_2.5,CAS indeterminate,incorrect,correct,False,indeterminate,False
gigachat,img_395_pert_2.5,CAS correct determinate,incorrect,incorrect,True,incorrect,True
gigachat,img_68_pert_2.5,CAS indeterminate,incorrect,correct,False,indeterminate,False
gigachat,img_111_pert_1.3,CAS indeterminate,incorrect,correct,False,indeterminate,False
gigachat,img_463_pert_1.3,CAS indeterminate,incorrect,incorrect,True,indeterminate,False
gigachat,img_465_pert_1.3,CAS indeterminate,incorrect,correct,False,indeterminate,False
gigachat,img_108_pert_1.4,CAS wrong determinate,incorrect,correct,False,correct,False
gigachat,img_427_pert_1.4,CAS indeterminate,incorrect,correct,False,indeterminate,False
gigachat,img_472_pert_1.4,CAS indeterminate,incorrect,correct,False,indeterminate,False
gigachat,img_503_pert_1.4,CAS indeterminate,incorrect,correct,False,indeterminate,False
gigachat,img_466_pert_1.4,CAS indeterminate,incorrect,correct,False,indeterminate,False
gigachat,img_111_pert_2.1,CAS indeterminate,incorrect,correct,False,indeterminate,False
gigachat,img_98_pert_2.1,CAS indeterminate,incorrect,incorrect,True,indeterminate,False
gigachat,img_372_pert_2.1,CAS indeterminate,incorrect,correct,False,indeterminate,False
gigachat,img_109_pert_2.1,CAS indeterminate,incorrect,correct,False,indeterminate,False
gigachat,img_223_pert_2.2,CAS indeterminate,incorrect,incorrect,True,indeterminate,False
gigachat,img_465_pert_2.2,CAS indeterminate,incorrect,incorrect,True,indeterminate,False
gigachat,img_529_pert_2.2,CAS indeterminate,incorrect,incorrect,True,indeterminate,False
gigachat,img_573_pert_2.2,CAS correct determinate,incorrect,incorrect,True,incorrect,True
gigachat,img_226_pert_2.2,CAS indeterminate,incorrect,correct,False,indeterminate,False
gigachat,img_176_pert_4.3,CAS indeterminate,correct,correct,True,indeterminate,False
gigachat,img_92_pert_4.3,CAS indeterminate,correct,correct,True,indeterminate,False
gigachat,img_91_pert_2.3,CAS indeterminate,incorrect,correct,False,indeterminate,False
gigachat,img_112_pert_4.4,CAS indeterminate,incorrect,correct,False,indeterminate,False
gigachat,img_115_pert_4.4,CAS indeterminate,incorrect,correct,False,indeterminate,False
gigachat,img_529_pert_4.5,CAS indeterminate,incorrect,incorrect,True,indeterminate,False
gigachat,img_160_pert_2.4,CAS correct determinate,incorrect,incorrect,True,incorrect,True
gigachat,img_560_pert_1.5,CAS indeterminate,incorrect,incorrect,True,indeterminate,False
gigachat,img_465_pert_1.5,CAS indeterminate,incorrect,correct,False,indeterminate,False
gigachat,img_540_pert_1.5,CAS indeterminate,incorrect,correct,False,indeterminate,False
gigachat,img_153_pert_1.5,CAS correct determinate,incorrect,incorrect,True,incorrect,True
gigachat,img_194_pert_1.5,CAS correct determinate,incorrect,correct,False,incorrect,True
gigachat,img_220_pert_1.5,CAS correct determinate,incorrect,incorrect,True,incorrect,True
gigachat,img_220_pert_4.6,CAS indeterminate,incorrect,correct,False,indeterminate,False
gigachat,img_476_pert_5.1,CAS indeterminate,correct,incorrect,False,indeterminate,False
gigachat,img_579_pert_5.1,CAS indeterminate,correct,correct,True,indeterminate,False
gigachat,img_578_pert_5.1,CAS indeterminate,correct,correct,True,indeterminate,False
gigachat,img_489_pert_5.1,CAS correct determinate,correct,correct,True,correct,True
gigachat,img_490_pert_5.1,CAS correct determinate,correct,correct,True,correct,True
gigachat,img_483_pert_5.1,CAS correct determinate,correct,correct,True,correct,True
gigachat,img_592_pert_5.1,CAS wrong determinate,correct,correct,True,incorrect,False
gigachat,img_456_pert_5.1,CAS indeterminate,correct,incorrect,False,indeterminate,False
gigachat,img_455_pert_5.1,CAS indeterminate,correct,incorrect,False,indeterminate,False
gigachat,img_458_pert_5.1,CAS indeterminate,correct,correct,True,indeterminate,False
gigachat,img_566_pert_5.1,CAS indeterminate,correct,incorrect,False,indeterminate,False
gigachat,img_572_pert_5.1,CAS indeterminate,correct,incorrect,False,indeterminate,False
gigachat,img_65_pert_5.1,CAS indeterminate,correct,correct,True,indeterminate,False
gigachat,img_27_pert_5.1,CAS indeterminate,correct,correct,True,indeterminate,False
gigachat,img_14_pert_5.1,CAS indeterminate,correct,correct,True,indeterminate,False
gigachat,img_49_pert_5.1,CAS indeterminate,correct,correct,True,indeterminate,False
gigachat,img_77_pert_5.1,CAS indeterminate,correct,correct,True,indeterminate,False
gigachat,img_78_pert_5.1,CAS indeterminate,correct,incorrect,False,indeterminate,False
gigachat,img_37_pert_5.1,CAS indeterminate,correct,correct,True,indeterminate,False
gigachat,img_20_pert_5.1,CAS indeterminate,correct,correct,True,indeterminate,False
gigachat,img_492_pert_5.1,CAS indeterminate,correct,incorrect,False,indeterminate,False
gigachat,img_488_pert_5.1,API/contract missing,correct,correct,True,missing_or_failed,False
