solution_id,domain,features,task_type,annotation_source,review_status,uncertain,notes
img_400_pert_5.1,calculus,powers|logarithms|derivatives,derivative of an exponential,canonical_gt_steps,source_checked_not_visually_audited,False,"Primary domain selected by mathematical object/operation; word_problem is a feature, not a domain."
img_374_pert_5.1,calculus,fractions|trigonometric_functions|integrals,definite integral,canonical_gt_steps,visual_confirmed,False,"Primary domain selected by mathematical object/operation; word_problem is a feature, not a domain."
img_19_pert_5.1,geometry,fractions,section formula / coordinate geometry,canonical_gt_steps,source_checked_not_visually_audited,False,"Primary domain selected by mathematical object/operation; word_problem is a feature, not a domain."
img_559_pert_5.1,algebraic_expression,polynomials,polynomial subtraction,canonical_gt_steps,source_checked_not_visually_audited,False,"Primary domain selected by mathematical object/operation; word_problem is a feature, not a domain."
img_464_pert_5.1,linear_algebra,other,2x2 determinant,canonical_gt_steps,source_checked_not_visually_audited,False,"Primary domain selected by mathematical object/operation; word_problem is a feature, not a domain."
img_387_pert_5.1,calculus,powers|trigonometric_functions|derivatives,second derivative,canonical_gt_steps,source_checked_not_visually_audited,False,"Primary domain selected by mathematical object/operation; word_problem is a feature, not a domain."
img_22_pert_5.1,geometry,fractions,midpoint coordinate equation,canonical_gt_steps,source_checked_not_visually_audited,False,"Primary domain selected by mathematical object/operation; word_problem is a feature, not a domain."
img_568_pert_5.2,algebraic_expression,powers,complex-number powers,canonical_gt_steps,source_checked_not_visually_audited,False,"Primary domain selected by mathematical object/operation; word_problem is a feature, not a domain."
img_482_pert_5.2,equation,other,linear equations in standard form,canonical_gt_steps,source_checked_not_visually_audited,False,"Primary domain selected by mathematical object/operation; word_problem is a feature, not a domain."
img_559_pert_5.2,algebraic_expression,polynomials,polynomial expression,canonical_gt_steps,source_checked_not_visually_audited,False,"Primary domain selected by mathematical object/operation; word_problem is a feature, not a domain."
img_448_pert_5.2,linear_algebra,matrices,matrix distributivity,canonical_gt_steps,source_checked_not_visually_audited,False,"Primary domain selected by mathematical object/operation; word_problem is a feature, not a domain."
img_173_pert_5.3,arithmetic,fractions,fraction simplification,canonical_gt_steps,source_checked_not_visually_audited,False,"Primary domain selected by mathematical object/operation; word_problem is a feature, not a domain."
img_165_pert_5.3,equation,powers,quadratic equation / substitution,canonical_gt_steps,source_checked_not_visually_audited,False,"Primary domain selected by mathematical object/operation; word_problem is a feature, not a domain."
img_193_pert_5.3,arithmetic,fractions,multiplication of fractions,canonical_gt_steps,source_checked_not_visually_audited,False,"Primary domain selected by mathematical object/operation; word_problem is a feature, not a domain."
img_375_pert_5.3,calculus,absolute_value|polynomials|integrals,definite integral with absolute value,canonical_gt_steps,source_checked_not_visually_audited,False,"Primary domain selected by mathematical object/operation; word_problem is a feature, not a domain."
img_233_pert_3.2,arithmetic,fractions|powers,powers of fractions,canonical_gt_steps,source_checked_not_visually_audited,False,"Primary domain selected by mathematical object/operation; word_problem is a feature, not a domain."
img_190_pert_3.2,arithmetic,fractions,decimal arithmetic,canonical_gt_steps,source_checked_not_visually_audited,False,"Primary domain selected by mathematical object/operation; word_problem is a feature, not a domain."
img_559_pert_3.2,algebraic_expression,polynomials,polynomial subtraction,canonical_gt_steps,source_checked_not_visually_audited,False,"Primary domain selected by mathematical object/operation; word_problem is a feature, not a domain."
img_172_pert_3.2,arithmetic,fractions,equivalent fractions,canonical_gt_steps,source_checked_not_visually_audited,False,"Primary domain selected by mathematical object/operation; word_problem is a feature, not a domain."
img_586_pert_3.2,algebraic_expression,powers|polynomials,binomial cube expansion,canonical_gt_steps,source_checked_not_visually_audited,False,"Primary domain selected by mathematical object/operation; word_problem is a feature, not a domain."
img_448_pert_3.2,linear_algebra,matrices,matrix distributivity,canonical_gt_steps,source_checked_not_visually_audited,False,"Primary domain selected by mathematical object/operation; word_problem is a feature, not a domain."
img_173_pert_2.5,arithmetic,fractions,fraction simplification,canonical_gt_steps,source_checked_not_visually_audited,False,"Primary domain selected by mathematical object/operation; word_problem is a feature, not a domain."
img_35_pert_2.5,geometry,powers|radicals|word_problem,right cone volume,canonical_gt_steps,source_checked_not_visually_audited,False,"Primary domain selected by mathematical object/operation; word_problem is a feature, not a domain."
img_375_pert_2.5,calculus,absolute_value|polynomials|integrals,definite integral with absolute value,canonical_gt_steps,source_checked_not_visually_audited,False,"Primary domain selected by mathematical object/operation; word_problem is a feature, not a domain."
img_574_pert_2.5,equation,fractions|powers|polynomials,cubic roots and Vieta relations,canonical_gt_steps,source_checked_not_visually_audited,False,"Primary domain selected by mathematical object/operation; word_problem is a feature, not a domain."
img_395_pert_2.5,calculus,fractions|trigonometric_functions|derivatives,parametric derivative,canonical_gt_steps,source_checked_not_visually_audited,False,"Primary domain selected by mathematical object/operation; word_problem is a feature, not a domain."
img_68_pert_2.5,geometry,fractions|radicals,angle between vectors,canonical_gt_steps,source_checked_not_visually_audited,False,"Primary domain selected by mathematical object/operation; word_problem is a feature, not a domain."
img_111_pert_1.3,trigonometry,radicals|trigonometric_functions,inverse-trigonometric identity,canonical_gt_steps,source_checked_not_visually_audited,False,"Primary domain selected by mathematical object/operation; word_problem is a feature, not a domain."
img_463_pert_1.3,linear_algebra,radicals|other,determinant equation,canonical_gt_steps,source_checked_not_visually_audited,False,"Primary domain selected by mathematical object/operation; word_problem is a feature, not a domain."
img_465_pert_1.3,linear_algebra,matrices,matrix inverse via polynomial identity,canonical_gt_steps,visual_confirmed,False,"Primary domain selected by mathematical object/operation; word_problem is a feature, not a domain."
img_108_pert_1.4,trigonometry,radicals|trigonometric_functions,trigonometric value reduction,canonical_gt_steps,source_checked_not_visually_audited,False,"Primary domain selected by mathematical object/operation; word_problem is a feature, not a domain."
img_427_pert_1.4,calculus,fractions|powers|radicals|derivatives,limits,canonical_gt_steps,source_checked_not_visually_audited,False,"Primary domain selected by mathematical object/operation; word_problem is a feature, not a domain."
img_472_pert_1.4,geometry,other,coordinate-geometry determinants,canonical_gt_steps,source_checked_not_visually_audited,False,"Primary domain selected by mathematical object/operation; word_problem is a feature, not a domain."
img_503_pert_1.4,function,other,composition of functions,canonical_gt_steps,source_checked_not_visually_audited,False,"Primary domain selected by mathematical object/operation; word_problem is a feature, not a domain."
img_466_pert_1.4,linear_algebra,matrices,cofactors / determinant,canonical_gt_steps,source_checked_not_visually_audited,False,"Primary domain selected by mathematical object/operation; word_problem is a feature, not a domain."
img_111_pert_2.1,trigonometry,radicals|trigonometric_functions,inverse-trigonometric identity,canonical_gt_steps,source_checked_not_visually_audited,False,"Primary domain selected by mathematical object/operation; word_problem is a feature, not a domain."
img_98_pert_2.1,trigonometry,fractions|powers|trigonometric_functions,trigonometric identities,canonical_gt_steps,source_checked_not_visually_audited,False,"Primary domain selected by mathematical object/operation; word_problem is a feature, not a domain."
img_372_pert_2.1,calculus,radicals|trigonometric_functions|integrals,definite integral,canonical_gt_steps,source_checked_not_visually_audited,False,"Primary domain selected by mathematical object/operation; word_problem is a feature, not a domain."
img_109_pert_2.1,trigonometry,fractions|trigonometric_functions,degree-to-radian conversion,canonical_gt_steps,source_checked_not_visually_audited,False,"Primary domain selected by mathematical object/operation; word_problem is a feature, not a domain."
img_223_pert_2.2,algebraic_expression,fractions|powers,laws of exponents,canonical_gt_steps,source_checked_not_visually_audited,False,"Primary domain selected by mathematical object/operation; word_problem is a feature, not a domain."
img_465_pert_2.2,linear_algebra,matrices,matrix inverse,canonical_gt_steps,source_checked_not_visually_audited,False,"Primary domain selected by mathematical object/operation; word_problem is a feature, not a domain."
img_529_pert_2.2,equation,other,linear equations,canonical_gt_steps,source_checked_not_visually_audited,False,"Primary domain selected by mathematical object/operation; word_problem is a feature, not a domain."
img_573_pert_2.2,algebraic_expression,radicals|powers,complex-number expression,canonical_gt_steps,source_checked_not_visually_audited,False,"Primary domain selected by mathematical object/operation; word_problem is a feature, not a domain."
img_226_pert_2.2,algebraic_expression,fractions|powers,laws of exponents,canonical_gt_steps,source_checked_not_visually_audited,False,"Primary domain selected by mathematical object/operation; word_problem is a feature, not a domain."
img_176_pert_4.3,arithmetic,fractions,multiplication of fractions,canonical_gt_steps,source_checked_not_visually_audited,False,"Primary domain selected by mathematical object/operation; word_problem is a feature, not a domain."
img_92_pert_4.3,geometry,fractions|trigonometric_functions|word_problem,arc length,canonical_gt_steps,source_checked_not_visually_audited,False,"Primary domain selected by mathematical object/operation; word_problem is a feature, not a domain."
img_91_pert_2.3,trigonometry,fractions|powers|radicals|trigonometric_functions,trigonometric ratios,canonical_gt_steps,source_checked_not_visually_audited,False,"Primary domain selected by mathematical object/operation; word_problem is a feature, not a domain."
img_112_pert_4.4,trigonometry,fractions|trigonometric_functions,inverse-trigonometric identity,canonical_gt_steps,source_checked_not_visually_audited,False,"Primary domain selected by mathematical object/operation; word_problem is a feature, not a domain."
img_115_pert_4.4,trigonometry,radicals|trigonometric_functions,special trigonometric value,canonical_gt_steps,source_checked_not_visually_audited,False,"Primary domain selected by mathematical object/operation; word_problem is a feature, not a domain."
img_529_pert_4.5,equation,other,linear system,canonical_gt_steps,source_checked_not_visually_audited,False,"Primary domain selected by mathematical object/operation; word_problem is a feature, not a domain."
img_160_pert_2.4,arithmetic,radicals,square root simplification,canonical_gt_steps,source_checked_not_visually_audited,False,"Primary domain selected by mathematical object/operation; word_problem is a feature, not a domain."
img_560_pert_1.5,algebraic_expression,powers|polynomials,algebraic substitution,canonical_gt_steps,source_checked_not_visually_audited,False,"Primary domain selected by mathematical object/operation; word_problem is a feature, not a domain."
img_465_pert_1.5,linear_algebra,matrices,matrix inverse,canonical_gt_steps,source_checked_not_visually_audited,False,"Primary domain selected by mathematical object/operation; word_problem is a feature, not a domain."
img_540_pert_1.5,geometry,fractions|trigonometric_functions,angle between vectors,canonical_gt_steps,source_checked_not_visually_audited,False,"Primary domain selected by mathematical object/operation; word_problem is a feature, not a domain."
img_153_pert_1.5,arithmetic,radicals,radical multiplication,canonical_gt_steps,source_checked_not_visually_audited,False,"Primary domain selected by mathematical object/operation; word_problem is a feature, not a domain."
img_194_pert_1.5,arithmetic,fractions|word_problem,factorial equation,canonical_gt_steps,source_checked_not_visually_audited,False,"Primary domain selected by mathematical object/operation; word_problem is a feature, not a domain."
img_220_pert_1.5,algebraic_expression,fractions|powers,negative exponents,canonical_gt_steps,source_checked_not_visually_audited,False,"Primary domain selected by mathematical object/operation; word_problem is a feature, not a domain."
img_220_pert_4.6,algebraic_expression,fractions|powers,negative exponents,canonical_gt_steps,source_checked_not_visually_audited,False,"Primary domain selected by mathematical object/operation; word_problem is a feature, not a domain."
img_476_pert_5.1,inequality,fractions,compound linear inequality,canonical_gt_steps + FERMAT orig_q/domain/subdomain,source_checked_not_visually_audited,False,"Primary domain selected by mathematical object/operation; word_problem is a feature, not a domain."
img_579_pert_5.1,equation,fractions|polynomials,quadratic factorisation,canonical_gt_steps + FERMAT orig_q/domain/subdomain,source_checked_not_visually_audited,False,"Primary domain selected by mathematical object/operation; word_problem is a feature, not a domain."
img_578_pert_5.1,equation,powers|polynomials,quadratic discriminant,canonical_gt_steps + FERMAT orig_q/domain/subdomain,source_checked_not_visually_audited,False,"Primary domain selected by mathematical object/operation; word_problem is a feature, not a domain."
img_489_pert_5.1,equation,word_problem,linear word problem,canonical_gt_steps + FERMAT orig_q/domain/subdomain,source_checked_not_visually_audited,False,"Primary domain selected by mathematical object/operation; word_problem is a feature, not a domain."
img_490_pert_5.1,equation,word_problem,linear age word problem,canonical_gt_steps + FERMAT orig_q/domain/subdomain,source_checked_not_visually_audited,False,"Primary domain selected by mathematical object/operation; word_problem is a feature, not a domain."
img_483_pert_5.1,equation,fractions|word_problem,linear word problem,canonical_gt_steps + FERMAT orig_q/domain/subdomain,source_checked_not_visually_audited,False,"Primary domain selected by mathematical object/operation; word_problem is a feature, not a domain."
img_592_pert_5.1,equation,polynomials,quadratic zeroes and coefficients,canonical_gt_steps + FERMAT orig_q/domain/subdomain,source_checked_not_visually_audited,False,"Primary domain selected by mathematical object/operation; word_problem is a feature, not a domain."
img_456_pert_5.1,linear_algebra,matrices,matrix multiplication,canonical_gt_steps + FERMAT orig_q/domain/subdomain,source_checked_not_visually_audited,False,"Primary domain selected by mathematical object/operation; word_problem is a feature, not a domain."
img_455_pert_5.1,linear_algebra,matrices,matrix linear combination,canonical_gt_steps + FERMAT orig_q/domain/subdomain,source_checked_not_visually_audited,False,"Primary domain selected by mathematical object/operation; word_problem is a feature, not a domain."
img_458_pert_5.1,linear_algebra,fractions|absolute_value|matrices,matrix entries,canonical_gt_steps + FERMAT orig_q/domain/subdomain,source_checked_not_visually_audited,False,"Primary domain selected by mathematical object/operation; word_problem is a feature, not a domain."
img_566_pert_5.1,algebraic_expression,fractions|radicals|powers,complex numbers,canonical_gt_steps + FERMAT orig_q/domain/subdomain,source_checked_not_visually_audited,False,"Primary domain selected by mathematical object/operation; word_problem is a feature, not a domain."
img_572_pert_5.1,equation,fractions,complex-number coefficient comparison,canonical_gt_steps + FERMAT orig_q/domain/subdomain,source_checked_not_visually_audited,False,"Primary domain selected by mathematical object/operation; word_problem is a feature, not a domain."
img_65_pert_5.1,geometry,powers|radicals,3D coordinate locus,canonical_gt_steps + FERMAT orig_q/domain/subdomain,visual_confirmed,False,"Primary domain selected by mathematical object/operation; word_problem is a feature, not a domain."
img_27_pert_5.1,geometry,other,line through point with slope,canonical_gt_steps + FERMAT orig_q/domain/subdomain,source_checked_not_visually_audited,False,"Primary domain selected by mathematical object/operation; word_problem is a feature, not a domain."
img_14_pert_5.1,geometry,powers,equidistant points locus,canonical_gt_steps + FERMAT orig_q/domain/subdomain,source_checked_not_visually_audited,False,"Primary domain selected by mathematical object/operation; word_problem is a feature, not a domain."
img_49_pert_5.1,geometry,fractions|word_problem,rhombus area,canonical_gt_steps + FERMAT orig_q/domain/subdomain,source_checked_not_visually_audited,False,"Primary domain selected by mathematical object/operation; word_problem is a feature, not a domain."
img_77_pert_5.1,geometry,powers|word_problem,circle area,canonical_gt_steps + FERMAT orig_q/domain/subdomain,source_checked_not_visually_audited,False,"Primary domain selected by mathematical object/operation; word_problem is a feature, not a domain."
img_78_pert_5.1,geometry,powers|word_problem,sphere surface area,canonical_gt_steps + FERMAT orig_q/domain/subdomain,source_checked_not_visually_audited,False,"Primary domain selected by mathematical object/operation; word_problem is a feature, not a domain."
img_37_pert_5.1,geometry,powers|word_problem,sphere volume,canonical_gt_steps + FERMAT orig_q/domain/subdomain,source_checked_not_visually_audited,False,"Primary domain selected by mathematical object/operation; word_problem is a feature, not a domain."
img_20_pert_5.1,geometry,fractions,section formula / coordinate geometry,canonical_gt_steps + FERMAT orig_q/domain/subdomain,source_checked_not_visually_audited,False,"Primary domain selected by mathematical object/operation; word_problem is a feature, not a domain."
img_492_pert_5.1,linear_algebra,fractions|matrices|systems,linear system using inverse matrix,canonical_gt_steps + FERMAT orig_q/domain/subdomain,source_checked_not_visually_audited,False,"Primary domain selected by mathematical object/operation; word_problem is a feature, not a domain."
img_488_pert_5.1,equation,fractions|systems,linear system by substitution,canonical_gt_steps + FERMAT orig_q/domain/subdomain,source_checked_not_visually_audited,False,"Primary domain selected by mathematical object/operation; word_problem is a feature, not a domain."
