provider,id,domain,primary_category,confidence,evidence,secondary_signals,h2_error_class,h2_task_spec_class,fallback_reasons,needs_manual_review
gemini,img_400_pert_5.1,calculus,unsupported_math,medium,diagnostic reports a mathematical-domain limitation,H2 extraction diagnostic: extra_line (not a proven cause),extra_line,reported_structured,Symbolic exponent requires a constant positive base; At least one node/edge proof is unresolved; Differential notation needs a calculus verifier; Differential notation needs a calculus verifier; Differential notation needs a calculus verifier; Differential notation needs a calculus verifier,True
gemini,img_374_pert_5.1,calculus,unsupported_math,medium,diagnostic reports a mathematical-domain limitation,H2 extraction diagnostic: extra_line (not a proven cause),extra_line,reported_structured,Unsupported token '\\int'; Unsupported token '\\int'; Unsupported token '\\int'; Unsupported token '\\int'; Unsupported token '\\int'; Prose/conditions are not a fully parsed mathematical step; Differential notation needs a calculus verifier; definite integral with explicit bounds was not found,True
gemini,img_19_pert_5.1,geometry,parser_limitation,medium,diagnostic reports parser/prose limitation,H2 extraction diagnostic: segmentation (not a proven cause),segmentation,reported_structured,Unsupported input at character 3; Prose/conditions are not a fully parsed mathematical step; At least one node/edge proof is unresolved; Unsupported input at character 4; Unsupported input at character 7,True
gemini,img_559_pert_5.1,algebraic_expression,task_formalization,medium,TaskSpec anchoring/goal diagnostic,H2 extraction diagnostic: extra_line (not a proven cause),extra_line,reported_structured,Unanchored mathematical statement; Unanchored mathematical statement; Task has no explicit mathematical target,True
gemini,img_464_pert_5.1,linear_algebra,dependencies_or_branching,medium,dependency graph diagnostic,H2 extraction diagnostic: extra_line (not a proven cause),extra_line,reported_structured,Expected a nonempty LaTeX string; At least one node/edge proof is unresolved; Task target has unresolved variables,True
gemini,img_387_pert_5.1,calculus,unsupported_math,medium,diagnostic reports a mathematical-domain limitation,H2 extraction diagnostic: segmentation (not a proven cause),segmentation,reported_structured,Prose/conditions are not a fully parsed mathematical step; Differential notation needs a calculus verifier; Prose/conditions are not a fully parsed mathematical step; Requires one task equation,True
gemini,img_22_pert_5.1,geometry,parser_limitation,medium,diagnostic reports parser/prose limitation,H2 extraction diagnostic: segmentation (not a proven cause),segmentation,reported_structured,Prose/conditions are not a fully parsed mathematical step; Prose/conditions are not a fully parsed mathematical step; Prose/conditions are not a fully parsed mathematical step; Prose/conditions are not a fully parsed mathematical step; Prose/conditions are not a fully parsed mathematical step; Prose/conditions are not a fully parsed mathematical step; Bare word is not an exact mathematical token,True
gemini,img_482_pert_5.2,equation,parser_limitation,medium,diagnostic reports parser/prose limitation,H2 extraction diagnostic: extra_line (not a proven cause),extra_line,reported_structured,Prose/conditions are not a fully parsed mathematical step; Prose/conditions are not a fully parsed mathematical step; Prose/conditions are not a fully parsed mathematical step; Prose/conditions are not a fully parsed mathematical step; goal is unknown,True
gemini,img_559_pert_5.2,algebraic_expression,task_formalization,medium,TaskSpec anchoring/goal diagnostic,,exact,reported_structured,Unanchored mathematical statement; Task has no explicit mathematical target,False
gemini,img_448_pert_5.2,linear_algebra,task_formalization,medium,TaskSpec anchoring/goal diagnostic,H2 extraction diagnostic: extra_line (not a proven cause),extra_line,reported_structured,"Matrix size mismatch: (2, 3) + (3, 3).; unsupported operand type(s) for +: 'Symbol' and 'ImmutableDenseMatrix'; requires two explicit X/Y matrix equations",True
gemini,img_173_pert_5.3,arithmetic,parser_limitation,medium,diagnostic reports parser/prose limitation,H2 extraction diagnostic: extra_line (not a proven cause),extra_line,reported_structured,Prose/conditions are not a fully parsed mathematical step; At least one node/edge proof is unresolved; Prose/conditions are not a fully parsed mathematical step; At least one node/edge proof is unresolved; Task has no explicit mathematical target,True
gemini,img_165_pert_5.3,equation,parser_limitation,medium,diagnostic reports parser/prose limitation,H2 extraction diagnostic: segmentation (not a proven cause),segmentation,reported_structured,Unanchored mathematical statement; Prose/conditions are not a fully parsed mathematical step; Unanchored mathematical statement; Task has no explicit mathematical target,True
gemini,img_193_pert_5.3,arithmetic,parser_limitation,medium,diagnostic reports parser/prose limitation,H2 extraction diagnostic: extra_line (not a proven cause),extra_line,reported_structured,Prose/conditions are not a fully parsed mathematical step; Prose/conditions are not a fully parsed mathematical step; Continuation requires one readable dependency; Bare word is not an exact mathematical token,True
gemini,img_375_pert_5.3,calculus,unsupported_math,medium,diagnostic reports a mathematical-domain limitation,,exact,reported_structured,Unsupported token '\\int'; Unsupported token '\\int'; Unconsumed token '_'; one expression/equation per step; Undefined real expression: nonzero restriction fails; Continuation requires one readable dependency; Continuation requires one readable dependency; Continuation requires one readable dependency; Continuation requires one readable dependency; definite integral with explicit bounds was not found,False
gemini,img_233_pert_3.2,arithmetic,parser_limitation,medium,diagnostic reports parser/prose limitation,H2 extraction diagnostic: missed_line (not a proven cause),missed_line,reported_structured,Unsupported input at character 1; Unsupported input at character 1; Task has no explicit mathematical target,True
gemini,img_190_pert_3.2,arithmetic,parser_limitation,medium,diagnostic reports parser/prose limitation,H2 extraction diagnostic: extra_line (not a proven cause),extra_line,missing_goal,Prose/conditions are not a fully parsed mathematical step; goal is unknown,True
gemini,img_172_pert_3.2,arithmetic,parser_limitation,medium,diagnostic reports parser/prose limitation,H2 extraction diagnostic: missed_line (not a proven cause),missed_line,reported_structured,Unsupported input at character 12; Prose/conditions are not a fully parsed mathematical step; At least one node/edge proof is unresolved; given g1 is not in the exact SymPy subset: Unsupported input at character 12; goal is unknown,True
gemini,img_448_pert_3.2,linear_algebra,task_formalization,medium,TaskSpec anchoring/goal diagnostic,H2 extraction diagnostic: segmentation (not a proven cause),segmentation,reported_structured,"Matrix size mismatch: (2, 3) + (3, 3).; unsupported operand type(s) for +: 'Symbol' and 'ImmutableDenseMatrix'; requires two explicit X/Y matrix equations",True
gemini,img_173_pert_2.5,arithmetic,parser_limitation,medium,diagnostic reports parser/prose limitation,H2 extraction diagnostic: extra_line (not a proven cause),extra_line,reported_structured,Prose/conditions are not a fully parsed mathematical step; Prose/conditions are not a fully parsed mathematical step; Task has no explicit mathematical target,True
gemini,img_375_pert_2.5,calculus,unsupported_math,medium,diagnostic reports a mathematical-domain limitation,H2 extraction diagnostic: missed_line (not a proven cause),missed_line,reported_structured,Prose/conditions are not a fully parsed mathematical step; Prose/conditions are not a fully parsed mathematical step; Prose/conditions are not a fully parsed mathematical step; Unsupported token '\\int'; Unsupported token '\\int'; Unconsumed token '_'; one expression/equation per step; Undefined real expression: nonzero restriction fails; Continuation requires one readable dependency; Continuation requires one readable dependency; Continuation requires one readable dependency; definite integral with explicit bounds was not found,True
gemini,img_574_pert_2.5,equation,parser_limitation,medium,diagnostic reports parser/prose limitation,H2 extraction diagnostic: extra_line (not a proven cause),extra_line,reported_structured,At least one node/edge proof is unresolved; At least one node/edge proof is unresolved; At least one node/edge proof is unresolved; At least one node/edge proof is unresolved; At least one node/edge proof is unresolved; Unsupported input at character 10; At least one node/edge proof is unresolved; At least one node/edge proof is unresolved; At least one node/edge proof is unresolved; Requires one task equation,True
gemini,img_68_pert_2.5,geometry,parser_limitation,medium,diagnostic reports parser/prose limitation,H2 extraction diagnostic: segmentation (not a proven cause),segmentation,reported_structured,Prose/conditions are not a fully parsed mathematical step; At least one node/edge proof is unresolved; Prose/conditions are not a fully parsed mathematical step; A written answer equality is required,True
gemini,img_111_pert_1.3,trigonometry,parser_limitation,medium,diagnostic reports parser/prose limitation,H2 extraction diagnostic: extra_line (not a proven cause),extra_line,reported_structured,Prose/conditions are not a fully parsed mathematical step; At least one node/edge proof is unresolved; At least one node/edge proof is unresolved; Continuation requires one readable dependency; Prose/conditions are not a fully parsed mathematical step; At least one node/edge proof is unresolved; Requires one explicit inequality,True
gemini,img_465_pert_1.3,linear_algebra,unsupported_math,medium,diagnostic reports a mathematical-domain limitation,H2 extraction diagnostic: ambiguous (not a proven cause),ambiguous,reported_structured,Unconsumed token '='; one expression/equation per step; unsupported operand type(s) for +: 'Pow' and 'ImmutableDenseMatrix'; Prose/conditions are not a fully parsed mathematical step; At least one node/edge proof is unresolved; At least one node/edge proof is unresolved; At least one node/edge proof is unresolved; Undefined real expression: nonzero restriction fails; At least one node/edge proof is unresolved; requires two explicit X/Y matrix equations,True
gemini,img_427_pert_1.4,calculus,parser_limitation,medium,diagnostic reports parser/prose limitation,H2 extraction diagnostic: extra_line (not a proven cause),extra_line,reported_structured,Unsupported token '\\lim'; Continuation requires one readable dependency; Prose/conditions are not a fully parsed mathematical step; Unsupported token '\\lim'; Unsupported token '\\lim'; Task has no explicit mathematical target,True
gemini,img_472_pert_1.4,geometry,parser_limitation,medium,diagnostic reports parser/prose limitation,H2 extraction diagnostic: segmentation (not a proven cause),segmentation,reported_structured,At least one node/edge proof is unresolved; Prose/conditions are not a fully parsed mathematical step; Unsupported token '\\pm'; Prose/conditions are not a fully parsed mathematical step; Bare word is not an exact mathematical token,True
gemini,img_503_pert_1.4,function,parser_limitation,medium,diagnostic reports parser/prose limitation,H2 extraction diagnostic: digit (not a proven cause),digit,reported_structured,Unsupported token '\\circ'; Unsupported token '\\circ'; Unsupported token '\\circ'; Unsupported token '\\circ'; Unsupported input at character 34,True
gemini,img_466_pert_1.4,linear_algebra,parser_limitation,medium,diagnostic reports parser/prose limitation,H2 extraction diagnostic: extra_line (not a proven cause),extra_line,reported_structured,"Symbolic determinant template has no explicit entry bindings; Symbolic determinant template has no explicit entry bindings; Symbolic determinant template has no explicit entry bindings; Symbolic determinant template has no explicit entry bindings; Symbolic determinant template has no explicit entry bindings; Symbolic determinant template has no explicit entry bindings; Symbolic determinant template has no explicit entry bindings; Symbolic determinant template has no explicit entry bindings; Symbolic determinant template has no explicit entry bindings; Prose/conditions are not a fully parsed mathematical step; Expected token, got end of input",True
gemini,img_111_pert_2.1,trigonometry,parser_limitation,medium,diagnostic reports parser/prose limitation,H2 extraction diagnostic: extra_line (not a proven cause),extra_line,reported_structured,Prose/conditions are not a fully parsed mathematical step; At least one node/edge proof is unresolved; At least one node/edge proof is unresolved; Continuation requires one readable dependency; Prose/conditions are not a fully parsed mathematical step; Prose/conditions are not a fully parsed mathematical step; Continuation requires one readable dependency; Requires one explicit inequality,True
gemini,img_98_pert_2.1,trigonometry,timeout,high,timeout/worker diagnostic,,exact,reported_structured,TIMEOUT_OR_WORKER_EXIT; TIMEOUT_OR_WORKER_EXIT; TIMEOUT_OR_WORKER_EXIT; TIMEOUT_OR_WORKER_EXIT; TIMEOUT_OR_WORKER_EXIT; TIMEOUT_OR_WORKER_EXIT,False
gemini,img_372_pert_2.1,calculus,unsupported_math,medium,diagnostic reports a mathematical-domain limitation,H2 extraction diagnostic: segmentation (not a proven cause),segmentation,reported_structured,Prose/conditions are not a fully parsed mathematical step; Unsupported token '\\int'; Unsupported token '\\int'; Unsupported token '\\int'; Unsupported token '\\int'; At least one node/edge proof is unresolved; definite integral with explicit bounds was not found,True
gemini,img_109_pert_2.1,trigonometry,parser_limitation,medium,diagnostic reports parser/prose limitation,H2 extraction diagnostic: extra_line (not a proven cause),extra_line,reported_structured,Prose/conditions are not a fully parsed mathematical step; Prose/conditions are not a fully parsed mathematical step; Prose/conditions are not a fully parsed mathematical step; Unsupported input at character 11,True
gemini,img_465_pert_2.2,linear_algebra,parser_limitation,medium,diagnostic reports parser/prose limitation,H2 extraction diagnostic: ambiguous (not a proven cause),ambiguous,reported_structured,At least one node/edge proof is unresolved; unsupported operand type(s) for +: 'Pow' and 'ImmutableDenseMatrix'; Prose/conditions are not a fully parsed mathematical step; At least one node/edge proof is unresolved; At least one node/edge proof is unresolved; unsupported operand type(s) for +: 'ImmutableDenseMatrix' and 'Pow'; requires two explicit X/Y matrix equations,True
gemini,img_529_pert_2.2,equation,parser_limitation,medium,diagnostic reports parser/prose limitation,H2 extraction diagnostic: segmentation (not a proven cause),segmentation,reported_structured,Prose/conditions are not a fully parsed mathematical step; At least one node/edge proof is unresolved; Prose/conditions are not a fully parsed mathematical step; Unsupported input at character 4,True
gemini,img_226_pert_2.2,algebraic_expression,parser_limitation,medium,diagnostic reports parser/prose limitation,H2 extraction diagnostic: extra_line (not a proven cause),extra_line,reported_structured,Unsupported input at character 1; Continuation requires one readable dependency; Unsupported input at character 1; Continuation requires one readable dependency; Unsupported input at character 1; Unsupported input at character 1; Continuation requires one readable dependency; Task has no explicit mathematical target,True
gemini,img_176_pert_4.3,arithmetic,parser_limitation,medium,diagnostic reports parser/prose limitation,H2 extraction diagnostic: variable (not a proven cause),variable,reported_structured,Unanchored mathematical statement; Unanchored mathematical statement; Prose/conditions are not a fully parsed mathematical step; Continuation requires one readable dependency,True
gemini,img_92_pert_4.3,geometry,parser_limitation,medium,diagnostic reports parser/prose limitation,,exact,reported_structured,Prose/conditions are not a fully parsed mathematical step; Unsupported token '\\circ'; Prose/conditions are not a fully parsed mathematical step; Unsupported token '\\text',False
gemini,img_91_pert_2.3,trigonometry,timeout,high,timeout/worker diagnostic,,exact,reported_structured,TIMEOUT_OR_WORKER_EXIT; TIMEOUT_OR_WORKER_EXIT; TIMEOUT_OR_WORKER_EXIT; TIMEOUT_OR_WORKER_EXIT; TIMEOUT_OR_WORKER_EXIT; TIMEOUT_OR_WORKER_EXIT; TIMEOUT_OR_WORKER_EXIT; TIMEOUT_OR_WORKER_EXIT,False
gemini,img_112_pert_4.4,trigonometry,timeout,high,timeout/worker diagnostic,,exact,reported_structured,TIMEOUT_OR_WORKER_EXIT; TIMEOUT_OR_WORKER_EXIT; TIMEOUT_OR_WORKER_EXIT; TIMEOUT_OR_WORKER_EXIT; TIMEOUT_OR_WORKER_EXIT,False
gemini,img_115_pert_4.4,trigonometry,parser_limitation,medium,diagnostic reports parser/prose limitation,H2 extraction diagnostic: extra_line (not a proven cause),extra_line,reported_structured,Prose/conditions are not a fully parsed mathematical step; Prose/conditions are not a fully parsed mathematical step; Prose/conditions are not a fully parsed mathematical step; A written answer equality is required,True
gemini,img_560_pert_1.5,algebraic_expression,parser_limitation,medium,diagnostic reports parser/prose limitation,H2 extraction diagnostic: extra_line (not a proven cause),extra_line,reported_structured,Prose/conditions are not a fully parsed mathematical step; Prose/conditions are not a fully parsed mathematical step; Prose/conditions are not a fully parsed mathematical step; Prose/conditions are not a fully parsed mathematical step; At least one node/edge proof is unresolved; Prose/conditions are not a fully parsed mathematical step; Task has no explicit mathematical target,True
gemini,img_465_pert_1.5,linear_algebra,unsupported_math,medium,diagnostic reports a mathematical-domain limitation,H2 extraction diagnostic: ambiguous (not a proven cause),ambiguous,reported_structured,Unsupported input at character 1; unsupported operand type(s) for +: 'Pow' and 'ImmutableDenseMatrix'; Prose/conditions are not a fully parsed mathematical step; At least one node/edge proof is unresolved; At least one node/edge proof is unresolved; Undefined real expression: nonzero restriction fails; At least one node/edge proof is unresolved; requires two explicit X/Y matrix equations,True
gemini,img_540_pert_1.5,geometry,parser_limitation,medium,diagnostic reports parser/prose limitation,,exact,reported_structured,Unsupported token '\\vec'; Unsupported token '\\vec'; At least one node/edge proof is unresolved; At least one node/edge proof is unresolved; Task target has unresolved variables,False
gemini,img_220_pert_1.5,algebraic_expression,parser_limitation,medium,diagnostic reports parser/prose limitation,H2 extraction diagnostic: extra_line (not a proven cause),extra_line,reported_structured,Unsupported input at character 1; Unsupported input at character 1; Task has no explicit mathematical target,True
gemini,img_220_pert_4.6,algebraic_expression,parser_limitation,medium,diagnostic reports parser/prose limitation,H2 extraction diagnostic: extra_line (not a proven cause),extra_line,reported_structured,Prose/conditions are not a fully parsed mathematical step; Prose/conditions are not a fully parsed mathematical step; Task has no explicit mathematical target,True
gemini,img_476_pert_5.1,inequality,task_formalization,medium,TaskSpec anchoring/goal diagnostic,H2 extraction diagnostic: operator (not a proven cause),operator,reported_structured,Requires one explicit inequality; Requires one explicit inequality; Requires one explicit inequality; Requires one explicit inequality; Requires one explicit inequality,True
gemini,img_579_pert_5.1,equation,parser_limitation,medium,diagnostic reports parser/prose limitation,H2 extraction diagnostic: missed_line (not a proven cause),missed_line,reported_structured,Prose/conditions are not a fully parsed mathematical step; Prose/conditions are not a fully parsed mathematical step; Prose/conditions are not a fully parsed mathematical step; Prose/conditions are not a fully parsed mathematical step; Prose/conditions are not a fully parsed mathematical step; Prose/conditions are not a fully parsed mathematical step; Prose/conditions are not a fully parsed mathematical step; Prose/conditions are not a fully parsed mathematical step; Prose/conditions are not a fully parsed mathematical step; Prose/conditions are not a fully parsed mathematical step; Prose/conditions are not a fully parsed mathematical step; Prose/conditions are not a fully parsed mathematical step; Prose/conditions are not a fully parsed mathematical step; Prose/conditions are not a fully parsed mathematical step; Prose is not a mathematical answer,True
gemini,img_578_pert_5.1,equation,parser_limitation,medium,diagnostic reports parser/prose limitation,H2 extraction diagnostic: missed_line (not a proven cause),missed_line,reported_structured,Prose/conditions are not a fully parsed mathematical step; Requires one explicit inequality; Prose/conditions are not a fully parsed mathematical step; A written answer equality is required,True
gemini,img_489_pert_5.1,equation,parser_limitation,medium,diagnostic reports parser/prose limitation,H2 extraction diagnostic: missed_line (not a proven cause),missed_line,reported_structured,Unanchored mathematical statement; Prose/conditions are not a fully parsed mathematical step; At least one node/edge proof is unresolved; Prose/conditions are not a fully parsed mathematical step; Task has no explicit mathematical target,True
gemini,img_490_pert_5.1,equation,parser_limitation,medium,diagnostic reports parser/prose limitation,H2 extraction diagnostic: extra_line (not a proven cause),extra_line,reported_structured,Prose/conditions are not a fully parsed mathematical step; Prose/conditions are not a fully parsed mathematical step; At least one node/edge proof is unresolved; Prose/conditions are not a fully parsed mathematical step; Prose/conditions are not a fully parsed mathematical step; Prose/conditions are not a fully parsed mathematical step; A written answer equality is required,True
gemini,img_483_pert_5.1,equation,parser_limitation,medium,diagnostic reports parser/prose limitation,H2 extraction diagnostic: missed_line (not a proven cause),missed_line,reported_structured,Prose/conditions are not a fully parsed mathematical step; Prose/conditions are not a fully parsed mathematical step; At least one node/edge proof is unresolved; Prose/conditions are not a fully parsed mathematical step; Task has no explicit mathematical target,True
gemini,img_456_pert_5.1,linear_algebra,parser_limitation,medium,diagnostic reports parser/prose limitation,H2 extraction diagnostic: segmentation (not a proven cause),segmentation,reported_structured,Requires explicit X+Y and X-Y matrix givens; At least one node/edge proof is unresolved; Prose/conditions are not a fully parsed mathematical step; requires two explicit X/Y matrix equations,True
gemini,img_458_pert_5.1,linear_algebra,parser_limitation,medium,diagnostic reports parser/prose limitation,H2 extraction diagnostic: segmentation (not a proven cause),segmentation,missing_goal,Unanchored mathematical statement; Prose/conditions are not a fully parsed mathematical step; Unconsumed token '|'; one expression/equation per step; Unconsumed token '|'; one expression/equation per step; Unconsumed token '|'; one expression/equation per step; Unconsumed token '|'; one expression/equation per step; Unconsumed token '|'; one expression/equation per step; Unconsumed token '|'; one expression/equation per step; unsupported operand type(s) for +: 'ImmutableDenseMatrix' and 'Symbol'; At least one node/edge proof is unresolved; goal is unknown,True
gemini,img_566_pert_5.1,algebraic_expression,unsupported_math,medium,diagnostic reports a mathematical-domain limitation,H2 extraction diagnostic: variable (not a proven cause),variable,reported_structured,Prose/conditions are not a fully parsed mathematical step; Continuation requires one readable dependency; Exponent exceeds rational bounds; Exponent exceeds rational bounds,True
gemini,img_572_pert_5.1,equation,parser_limitation,medium,diagnostic reports parser/prose limitation,H2 extraction diagnostic: segmentation (not a proven cause),segmentation,reported_structured,At least one node/edge proof is unresolved; At least one node/edge proof is unresolved; Prose/conditions are not a fully parsed mathematical step; Requires one task equation,True
gemini,img_65_pert_5.1,geometry,parser_limitation,medium,diagnostic reports parser/prose limitation,H2 extraction diagnostic: extra_line (not a proven cause),extra_line,reported_structured,Prose/conditions are not a fully parsed mathematical step; At least one node/edge proof is unresolved; At least one node/edge proof is unresolved; Task has no explicit mathematical target,True
gemini,img_27_pert_5.1,geometry,parser_limitation,medium,diagnostic reports parser/prose limitation,H2 extraction diagnostic: extra_line (not a proven cause),extra_line,reported_structured,Prose/conditions are not a fully parsed mathematical step; At least one node/edge proof is unresolved; Prose/conditions are not a fully parsed mathematical step; Bare word is not an exact mathematical token,True
gemini,img_14_pert_5.1,geometry,parser_limitation,medium,diagnostic reports parser/prose limitation,H2 extraction diagnostic: missed_line (not a proven cause),missed_line,reported_structured,Prose/conditions are not a fully parsed mathematical step; Prose/conditions are not a fully parsed mathematical step; At least one node/edge proof is unresolved; Prose/conditions are not a fully parsed mathematical step; Prose/conditions are not a fully parsed mathematical step; Prose/conditions are not a fully parsed mathematical step; Prose/conditions are not a fully parsed mathematical step; Prose/conditions are not a fully parsed mathematical step; Task has no explicit mathematical target,True
gemini,img_49_pert_5.1,geometry,parser_limitation,medium,diagnostic reports parser/prose limitation,H2 extraction diagnostic: missed_line (not a proven cause),missed_line,reported_structured,Prose/conditions are not a fully parsed mathematical step; Prose/conditions are not a fully parsed mathematical step; Prose/conditions are not a fully parsed mathematical step; Prose/conditions are not a fully parsed mathematical step; Prose/conditions are not a fully parsed mathematical step; Prose/conditions are not a fully parsed mathematical step; Bare word is not an exact mathematical token,True
gemini,img_37_pert_5.1,geometry,parser_limitation,medium,diagnostic reports parser/prose limitation,H2 extraction diagnostic: missed_line (not a proven cause),missed_line,reported_structured,Prose/conditions are not a fully parsed mathematical step; OCR exactness is not exact; Unsupported token '\\text',True
gemini,img_20_pert_5.1,geometry,parser_limitation,medium,diagnostic reports parser/prose limitation,H2 extraction diagnostic: ambiguous (not a proven cause),ambiguous,reported_structured,Unsupported input at character 17; At least one node/edge proof is unresolved; At least one node/edge proof is unresolved; Unsupported input at character 2; Task has no explicit mathematical target,True
gemini,img_492_pert_5.1,linear_algebra,parser_limitation,medium,diagnostic reports parser/prose limitation,H2 extraction diagnostic: ambiguous (not a proven cause),ambiguous,reported_structured,Prose/conditions are not a fully parsed mathematical step; Unsupported token '\\neq'; At least one node/edge proof is unresolved; At least one node/edge proof is unresolved; At least one node/edge proof is unresolved; ; Requires one task equation,True
gemini,img_488_pert_5.1,equation,dependencies_or_branching,medium,dependency graph diagnostic,H2 extraction diagnostic: variable (not a proven cause),variable,reported_structured,At least one node/edge proof is unresolved; At least one node/edge proof is unresolved; At least one node/edge proof is unresolved; Requires one task equation,True
gigachat,img_400_pert_5.1,calculus,unsupported_math,medium,diagnostic reports a mathematical-domain limitation,H2 extraction diagnostic: missed_line (not a proven cause),missed_line,reported_structured,Unanchored mathematical statement; Differential notation needs a calculus verifier; Differential notation needs a calculus verifier; Task has no explicit mathematical target,True
gigachat,img_374_pert_5.1,calculus,unsupported_math,medium,diagnostic reports a mathematical-domain limitation,H2 extraction diagnostic: segmentation (not a proven cause),segmentation,reported_structured,Functions are outside the selected algebra subset; Functions are outside the selected algebra subset; Bare word is not an exact mathematical token; Bare word is not an exact mathematical token; Bare word is not an exact mathematical token; Bare word is not an exact mathematical token; Unsupported input at character 6; definite integral with explicit bounds was not found,True
gigachat,img_19_pert_5.1,geometry,parser_limitation,medium,diagnostic reports parser/prose limitation,H2 extraction diagnostic: extra_line (not a proven cause),extra_line,reported_structured,Unsupported input at character 5; At least one node/edge proof is unresolved; At least one node/edge proof is unresolved; Unsupported input at character 5; Task has no explicit mathematical target,True
gigachat,img_387_pert_5.1,calculus,unsupported_math,medium,diagnostic reports a mathematical-domain limitation,H2 extraction diagnostic: segmentation (not a proven cause),segmentation,missing_goal,Differential notation needs a calculus verifier; Differential notation needs a calculus verifier; goal is unknown,True
gigachat,img_22_pert_5.1,geometry,parser_limitation,medium,diagnostic reports parser/prose limitation,H2 extraction diagnostic: variable (not a proven cause),variable,reported_structured,Unsupported input at character 14; Unsupported input at character 13; At least one node/edge proof is unresolved; Task target has unresolved variables,True
gigachat,img_568_pert_5.2,algebraic_expression,task_formalization,medium,TaskSpec anchoring/goal diagnostic,H2 extraction diagnostic: extra_line (not a proven cause),extra_line,missing_goal,Unanchored mathematical statement; Unanchored mathematical statement; goal is unknown,True
gigachat,img_482_pert_5.2,equation,task_formalization,medium,TaskSpec anchoring/goal diagnostic,H2 extraction diagnostic: extra_line (not a proven cause),extra_line,reported_structured,Unanchored mathematical statement; Unanchored mathematical statement; Unanchored mathematical statement; Unanchored mathematical statement; goal is unknown,True
gigachat,img_448_pert_5.2,linear_algebra,task_formalization,medium,TaskSpec anchoring/goal diagnostic,H2 extraction diagnostic: ambiguous (not a proven cause),ambiguous,reported_structured,Unanchored mathematical statement; Symbolic claim has no given/dependency anchor; Symbolic claim has no given/dependency anchor; unsupported operand type(s) for +: 'ImmutableDenseMatrix' and 'Mul'; requires two explicit X/Y matrix equations,True
gigachat,img_173_pert_5.3,arithmetic,task_formalization,medium,TaskSpec anchoring/goal diagnostic,H2 extraction diagnostic: extra_line (not a proven cause),extra_line,reported_structured,Unanchored mathematical statement; At least one node/edge proof is unresolved; Unanchored mathematical statement; At least one node/edge proof is unresolved; Task has no explicit mathematical target,True
gigachat,img_165_pert_5.3,equation,parser_limitation,medium,diagnostic reports parser/prose limitation,H2 extraction diagnostic: missed_line (not a proven cause),missed_line,reported_structured,Prose/conditions are not a fully parsed mathematical step; Prose/conditions are not a fully parsed mathematical step; Prose/conditions are not a fully parsed mathematical step; Prose/conditions are not a fully parsed mathematical step; Prose/conditions are not a fully parsed mathematical step; Prose/conditions are not a fully parsed mathematical step; Prose/conditions are not a fully parsed mathematical step; Prose/conditions are not a fully parsed mathematical step; Prose/conditions are not a fully parsed mathematical step; Prose/conditions are not a fully parsed mathematical step; Prose/conditions are not a fully parsed mathematical step; Prose/conditions are not a fully parsed mathematical step; Task has no explicit mathematical target,True
gigachat,img_375_pert_5.3,calculus,parser_limitation,medium,diagnostic reports parser/prose limitation,H2 extraction diagnostic: extra_line (not a proven cause),extra_line,missing_goal,Unsupported token '\\int'; goal is unknown,True
gigachat,img_233_pert_3.2,arithmetic,task_formalization,medium,TaskSpec anchoring/goal diagnostic,H2 extraction diagnostic: segmentation (not a proven cause),segmentation,reported_structured,OCR exactness is not exact; OCR exactness is not exact; Task has no explicit mathematical target,True
gigachat,img_559_pert_3.2,algebraic_expression,parser_limitation,medium,diagnostic reports parser/prose limitation,H2 extraction diagnostic: extra_line (not a proven cause),extra_line,reported_structured,Unanchored mathematical statement; Unsupported input at character 17; Task has no explicit mathematical target,True
gigachat,img_172_pert_3.2,arithmetic,task_formalization,medium,TaskSpec anchoring/goal diagnostic,H2 extraction diagnostic: segmentation (not a proven cause),segmentation,reported_structured,Unanchored mathematical statement; Unanchored mathematical statement; Unanchored mathematical statement; Unanchored mathematical statement; goal is unknown,True
gigachat,img_586_pert_3.2,algebraic_expression,parser_limitation,medium,diagnostic reports parser/prose limitation,H2 extraction diagnostic: segmentation (not a proven cause),segmentation,reported_structured,Bare word is not an exact mathematical token; Continuation requires one readable dependency; Continuation requires one readable dependency; Bare word is not an exact mathematical token; Continuation requires one readable dependency; Continuation requires one readable dependency; Task has no explicit mathematical target,True
gigachat,img_448_pert_3.2,linear_algebra,task_formalization,medium,TaskSpec anchoring/goal diagnostic,H2 extraction diagnostic: extra_line (not a proven cause),extra_line,reported_structured,Unanchored mathematical statement; At least one node/edge proof is unresolved; Unanchored mathematical statement; Unanchored mathematical statement; At least one node/edge proof is unresolved; unsupported operand type(s) for +: 'ImmutableDenseMatrix' and 'Mul'; requires two explicit X/Y matrix equations,True
gigachat,img_173_pert_2.5,arithmetic,task_formalization,medium,TaskSpec anchoring/goal diagnostic,H2 extraction diagnostic: extra_line (not a proven cause),extra_line,reported_structured,Unanchored mathematical statement; At least one node/edge proof is unresolved; Unanchored mathematical statement; At least one node/edge proof is unresolved; Task has no explicit mathematical target,True
gigachat,img_35_pert_2.5,geometry,parser_limitation,medium,diagnostic reports parser/prose limitation,H2 extraction diagnostic: segmentation (not a proven cause),segmentation,reported_structured,Unanchored mathematical statement; Prose/conditions are not a fully parsed mathematical step; OCR exactness is not exact; Unsupported token '\\text',True
gigachat,img_375_pert_2.5,calculus,unsupported_math,medium,diagnostic reports a mathematical-domain limitation,H2 extraction diagnostic: segmentation (not a proven cause),segmentation,reported_structured,Unsupported token '\\int'; Bare word is not an exact mathematical token; Continuation requires one readable dependency; Continuation requires one readable dependency; Continuation requires one readable dependency; Continuation requires one readable dependency; definite integral with explicit bounds was not found,True
gigachat,img_574_pert_2.5,equation,parser_limitation,medium,diagnostic reports parser/prose limitation,H2 extraction diagnostic: missed_line (not a proven cause),missed_line,reported_structured,Prose/conditions are not a fully parsed mathematical step; Bare word is not an exact mathematical token; Unsupported input at character 1; Unsupported input at character 1; Prose/conditions are not a fully parsed mathematical step; Unsupported input at character 0; Unsupported input at character 0; Unsupported input at character 0; Bare word is not an exact mathematical token,True
gigachat,img_68_pert_2.5,geometry,parser_limitation,medium,diagnostic reports parser/prose limitation,H2 extraction diagnostic: segmentation (not a proven cause),segmentation,reported_structured,Symbolic claim has no given/dependency anchor; Symbolic claim has no given/dependency anchor; Unsupported input at character 5; Continuation requires one readable dependency; At least one node/edge proof is unresolved; Bare word is not an exact mathematical token,True
gigachat,img_111_pert_1.3,trigonometry,parser_limitation,medium,diagnostic reports parser/prose limitation,H2 extraction diagnostic: extra_line (not a proven cause),extra_line,reported_structured,Requires one explicit inequality; Requires one explicit inequality; Prose/conditions are not a fully parsed mathematical step; At least one node/edge proof is unresolved; At least one node/edge proof is unresolved; At least one node/edge proof is unresolved; Prose/conditions are not a fully parsed mathematical step; At least one node/edge proof is unresolved; Requires one explicit inequality,True
gigachat,img_463_pert_1.3,linear_algebra,parser_limitation,medium,diagnostic reports parser/prose limitation,H2 extraction diagnostic: segmentation (not a proven cause),segmentation,reported_structured,Symbolic claim has no given/dependency anchor; At least one node/edge proof is unresolved; At least one node/edge proof is unresolved; At least one node/edge proof is unresolved; Bare word is not an exact mathematical token,True
gigachat,img_465_pert_1.3,linear_algebra,task_formalization,medium,TaskSpec anchoring/goal diagnostic,H2 extraction diagnostic: segmentation (not a proven cause),segmentation,reported_structured,At least one node/edge proof is unresolved; At least one node/edge proof is unresolved; At least one node/edge proof is unresolved; At least one node/edge proof is unresolved; At least one node/edge proof is unresolved; unsupported operand type(s) for +: 'ImmutableDenseMatrix' and 'Pow'; requires two explicit X/Y matrix equations,True
gigachat,img_427_pert_1.4,calculus,parser_limitation,medium,diagnostic reports parser/prose limitation,H2 extraction diagnostic: extra_line (not a proven cause),extra_line,missing_goal,Unsupported token '\\lim'; Unsupported token '\\lim'; Continuation requires one readable dependency; Unsupported token '\\lim'; Bare word is not an exact mathematical token; Unsupported token '\\lim'; Unsupported token '\\lim'; goal is unknown,True
gigachat,img_472_pert_1.4,geometry,parser_limitation,medium,diagnostic reports parser/prose limitation,H2 extraction diagnostic: segmentation (not a proven cause),segmentation,reported_structured,Unanchored mathematical statement; Prose/conditions are not a fully parsed mathematical step; Unsupported input at character 0; Prose/conditions are not a fully parsed mathematical step; goal is unknown,True
gigachat,img_503_pert_1.4,function,parser_limitation,medium,diagnostic reports parser/prose limitation,H2 extraction diagnostic: segmentation (not a proven cause),segmentation,task_not_visible,Unsupported input at character 16; task is not visible in the image; goal is unknown,True
gigachat,img_466_pert_1.4,linear_algebra,task_formalization,medium,TaskSpec anchoring/goal diagnostic,H2 extraction diagnostic: segmentation (not a proven cause),segmentation,reported_structured,Unanchored mathematical statement; At least one node/edge proof is unresolved; At least one node/edge proof is unresolved; At least one node/edge proof is unresolved; At least one node/edge proof is unresolved; At least one node/edge proof is unresolved; At least one node/edge proof is unresolved; At least one node/edge proof is unresolved; At least one node/edge proof is unresolved; requires two explicit X/Y matrix equations,True
gigachat,img_111_pert_2.1,trigonometry,parser_limitation,medium,diagnostic reports parser/prose limitation,H2 extraction diagnostic: extra_line (not a proven cause),extra_line,reported_structured,Requires one explicit inequality; Requires one explicit inequality; Bare word is not an exact mathematical token; At least one node/edge proof is unresolved; At least one node/edge proof is unresolved; At least one node/edge proof is unresolved; At least one node/edge proof is unresolved; Bare word is not an exact mathematical token; At least one node/edge proof is unresolved; At least one node/edge proof is unresolved; Requires one explicit inequality,True
gigachat,img_98_pert_2.1,trigonometry,timeout,high,timeout/worker diagnostic,H2 extraction diagnostic: extra_line (not a proven cause),extra_line,reported_structured,TIMEOUT_OR_WORKER_EXIT; TIMEOUT_OR_WORKER_EXIT; TIMEOUT_OR_WORKER_EXIT; TIMEOUT_OR_WORKER_EXIT; TIMEOUT_OR_WORKER_EXIT; TIMEOUT_OR_WORKER_EXIT; TIMEOUT_OR_WORKER_EXIT; TIMEOUT_OR_WORKER_EXIT; TIMEOUT_OR_WORKER_EXIT,True
gigachat,img_372_pert_2.1,calculus,unsupported_math,medium,diagnostic reports a mathematical-domain limitation,H2 extraction diagnostic: segmentation (not a proven cause),segmentation,reported_structured,Unsupported token '\\int'; Unsupported token '\\int'; Bare word is not an exact mathematical token; Functions are outside the selected algebra subset; Bare word is not an exact mathematical token; Unbalanced delimiters; Functions are outside the selected algebra subset; Unsupported input at character 1; Bare word is not an exact mathematical token; Unsupported token '\\int'; Bare word is not an exact mathematical token; definite integral with explicit bounds was not found,True
gigachat,img_109_pert_2.1,trigonometry,parser_limitation,medium,diagnostic reports parser/prose limitation,H2 extraction diagnostic: extra_line (not a proven cause),extra_line,reported_structured,Unsupported token '\\circ'; Unsupported input at character 15; Unsupported input at character 15; Unsupported input at character 15; Task has no explicit mathematical target,True
gigachat,img_223_pert_2.2,algebraic_expression,task_formalization,medium,TaskSpec anchoring/goal diagnostic,H2 extraction diagnostic: extra_line (not a proven cause),extra_line,reported_structured,Unanchored mathematical statement; At least one node/edge proof is unresolved; Task has no explicit mathematical target,True
gigachat,img_465_pert_2.2,linear_algebra,task_formalization,medium,TaskSpec anchoring/goal diagnostic,H2 extraction diagnostic: missed_line (not a proven cause),missed_line,reported_structured,At least one node/edge proof is unresolved; At least one node/edge proof is unresolved; At least one node/edge proof is unresolved; At least one node/edge proof is unresolved; requires two explicit X/Y matrix equations,True
gigachat,img_529_pert_2.2,equation,parser_limitation,medium,diagnostic reports parser/prose limitation,H2 extraction diagnostic: missed_line (not a proven cause),missed_line,reported_structured,Unsupported input at character 6; Unsupported input at character 2; At least one node/edge proof is unresolved; Bare word is not an exact mathematical token,True
gigachat,img_226_pert_2.2,algebraic_expression,parser_limitation,medium,diagnostic reports parser/prose limitation,H2 extraction diagnostic: extra_line (not a proven cause),extra_line,reported_structured,Adjacent numeric literals require an explicit operator; Adjacent numeric literals require an explicit operator; Continuation requires one readable dependency; Unsupported input at character 0; Continuation requires one readable dependency; Adjacent numeric literals require an explicit operator; Adjacent numeric literals require an explicit operator; Task has no explicit mathematical target,True
gigachat,img_176_pert_4.3,arithmetic,parser_limitation,medium,diagnostic reports parser/prose limitation,H2 extraction diagnostic: ambiguous (not a proven cause),ambiguous,reported_structured,Unanchored mathematical statement; Bare word is not an exact mathematical token; Continuation requires one readable dependency; Continuation requires one readable dependency; Unanchored mathematical statement; Bare word is not an exact mathematical token; Prose/conditions are not a fully parsed mathematical step; Continuation requires one readable dependency; Task has no explicit mathematical target,True
gigachat,img_92_pert_4.3,geometry,parser_limitation,medium,diagnostic reports parser/prose limitation,H2 extraction diagnostic: segmentation (not a proven cause),segmentation,missing_goal,Prose/conditions are not a fully parsed mathematical step; OCR exactness is not exact; goal is unknown,True
gigachat,img_91_pert_2.3,trigonometry,timeout,high,timeout/worker diagnostic,H2 extraction diagnostic: extra_line (not a proven cause),extra_line,reported_structured,TIMEOUT_OR_WORKER_EXIT; TIMEOUT_OR_WORKER_EXIT; TIMEOUT_OR_WORKER_EXIT; TIMEOUT_OR_WORKER_EXIT; TIMEOUT_OR_WORKER_EXIT; TIMEOUT_OR_WORKER_EXIT; TIMEOUT_OR_WORKER_EXIT; TIMEOUT_OR_WORKER_EXIT; TIMEOUT_OR_WORKER_EXIT,True
gigachat,img_112_pert_4.4,trigonometry,parser_limitation,medium,diagnostic reports parser/prose limitation,H2 extraction diagnostic: extra_line (not a proven cause),extra_line,reported_structured,Unsupported input at character 33; Unsupported input at character 73; Unsupported input at character 73; Unbalanced delimiters; Continuation requires one readable dependency; Requires one explicit inequality,True
gigachat,img_115_pert_4.4,trigonometry,task_formalization,medium,TaskSpec anchoring/goal diagnostic,H2 extraction diagnostic: extra_line (not a proven cause),extra_line,reported_structured,Symbolic claim has no given/dependency anchor; At least one node/edge proof is unresolved; At least one node/edge proof is unresolved; Task has no explicit mathematical target,True
gigachat,img_529_pert_4.5,equation,parser_limitation,medium,diagnostic reports parser/prose limitation,H2 extraction diagnostic: extra_line (not a proven cause),extra_line,reported_structured,Unsupported input at character 8; Prose/conditions are not a fully parsed mathematical step; Prose/conditions are not a fully parsed mathematical step; Bare word is not an exact mathematical token,True
gigachat,img_560_pert_1.5,algebraic_expression,task_formalization,medium,TaskSpec anchoring/goal diagnostic,H2 extraction diagnostic: segmentation (not a proven cause),segmentation,reported_structured,Unanchored mathematical statement; Unanchored mathematical statement; Unanchored mathematical statement; Unanchored mathematical statement; Task has no explicit mathematical target,True
gigachat,img_465_pert_1.5,linear_algebra,task_formalization,medium,TaskSpec anchoring/goal diagnostic,H2 extraction diagnostic: extra_line (not a proven cause),extra_line,reported_structured,unsupported operand type(s) for +: 'ImmutableDenseMatrix' and 'Symbol'; At least one node/edge proof is unresolved; At least one node/edge proof is unresolved; At least one node/edge proof is unresolved; At least one node/edge proof is unresolved; unsupported operand type(s) for +: 'ImmutableDenseMatrix' and 'Pow'; requires two explicit X/Y matrix equations,True
gigachat,img_540_pert_1.5,geometry,parser_limitation,medium,diagnostic reports parser/prose limitation,H2 extraction diagnostic: ambiguous (not a proven cause),ambiguous,reported_structured,Unsupported token '\\vec'; Unsupported token '\\vec'; At least one node/edge proof is unresolved; At least one node/edge proof is unresolved; Unsupported token '\\vec',True
gigachat,img_220_pert_4.6,algebraic_expression,task_formalization,medium,TaskSpec anchoring/goal diagnostic,H2 extraction diagnostic: extra_line (not a proven cause),extra_line,reported_structured,Unanchored mathematical statement; Unanchored mathematical statement; Task has no explicit mathematical target,True
gigachat,img_476_pert_5.1,inequality,task_formalization,medium,TaskSpec anchoring/goal diagnostic,H2 extraction diagnostic: extra_line (not a proven cause),extra_line,reported_structured,Requires one explicit inequality; Requires one explicit inequality; Requires one explicit inequality; Requires one explicit inequality; Requires one explicit inequality; Requires one explicit inequality,True
gigachat,img_579_pert_5.1,equation,parser_limitation,medium,diagnostic reports parser/prose limitation,H2 extraction diagnostic: extra_line (not a proven cause),extra_line,reported_structured,Unanchored mathematical statement; Unsupported input at character 2; At least one node/edge proof is unresolved; Bare word is not an exact mathematical token,True
gigachat,img_578_pert_5.1,equation,parser_limitation,medium,diagnostic reports parser/prose limitation,H2 extraction diagnostic: extra_line (not a proven cause),extra_line,reported_structured,Unanchored mathematical statement; Unanchored mathematical statement; Unanchored mathematical statement; Unanchored mathematical statement; Unanchored mathematical statement; Bare word is not an exact mathematical token; Requires one explicit inequality; Bare word is not an exact mathematical token,True
gigachat,img_456_pert_5.1,linear_algebra,parser_limitation,medium,diagnostic reports parser/prose limitation,H2 extraction diagnostic: segmentation (not a proven cause),segmentation,reported_structured,Prose/conditions are not a fully parsed mathematical step; At least one node/edge proof is unresolved; Bare word is not an exact mathematical token; requires two explicit X/Y matrix equations,True
gigachat,img_455_pert_5.1,linear_algebra,task_formalization,medium,TaskSpec anchoring/goal diagnostic,H2 extraction diagnostic: missed_line (not a proven cause),missed_line,reported_structured,Unanchored mathematical statement; At least one node/edge proof is unresolved; At least one node/edge proof is unresolved; requires two explicit X/Y matrix equations,True
gigachat,img_458_pert_5.1,linear_algebra,parser_limitation,medium,diagnostic reports parser/prose limitation,H2 extraction diagnostic: segmentation (not a proven cause),segmentation,missing_goal,Unanchored mathematical statement; Unconsumed token '|'; one expression/equation per step; Unsupported input at character 0; Unsupported input at character 0; Unsupported input at character 0; Unsupported input at character 0; Unsupported input at character 0; Unsupported input at character 0; unsupported operand type(s) for +: 'ImmutableDenseMatrix' and 'Symbol'; goal is unknown,True
gigachat,img_566_pert_5.1,algebraic_expression,unsupported_math,medium,diagnostic reports a mathematical-domain limitation,H2 extraction diagnostic: segmentation (not a proven cause),segmentation,reported_structured,Undefined real expression: nonzero restriction fails; Undefined real expression: nonzero restriction fails; Continuation requires one readable dependency; Exponent exceeds rational bounds; Exponent exceeds rational bounds; Task has no explicit mathematical target,True
gigachat,img_572_pert_5.1,equation,parser_limitation,medium,diagnostic reports parser/prose limitation,H2 extraction diagnostic: missed_line (not a proven cause),missed_line,reported_structured,Unanchored mathematical statement; Bare word is not an exact mathematical token; Bare word is not an exact mathematical token; Bare word is not an exact mathematical token,True
gigachat,img_65_pert_5.1,geometry,task_formalization,medium,TaskSpec anchoring/goal diagnostic,,exact,reported_structured,Unanchored mathematical statement; At least one node/edge proof is unresolved; goal is unknown,False
gigachat,img_27_pert_5.1,geometry,task_formalization,medium,TaskSpec anchoring/goal diagnostic,H2 extraction diagnostic: variable (not a proven cause),variable,reported_structured,Unanchored mathematical statement; At least one node/edge proof is unresolved; Task has no explicit mathematical target,True
gigachat,img_14_pert_5.1,geometry,parser_limitation,medium,diagnostic reports parser/prose limitation,H2 extraction diagnostic: segmentation (not a proven cause),segmentation,missing_goal,Prose/conditions are not a fully parsed mathematical step; goal is unknown,True
gigachat,img_49_pert_5.1,geometry,task_formalization,medium,TaskSpec anchoring/goal diagnostic,H2 extraction diagnostic: segmentation (not a proven cause),segmentation,reported_structured,Unanchored mathematical statement; At least one node/edge proof is unresolved; Task has no explicit mathematical target,True
gigachat,img_77_pert_5.1,geometry,parser_limitation,medium,diagnostic reports parser/prose limitation,H2 extraction diagnostic: segmentation (not a proven cause),segmentation,reported_structured,Prose/conditions are not a fully parsed mathematical step; Prose/conditions are not a fully parsed mathematical step; Prose/conditions are not a fully parsed mathematical step; OCR exactness is not exact; A written answer equality is required,True
gigachat,img_78_pert_5.1,geometry,parser_limitation,medium,diagnostic reports parser/prose limitation,H2 extraction diagnostic: extra_line (not a proven cause),extra_line,reported_structured,Prose/conditions are not a fully parsed mathematical step; OCR exactness is not exact; Unsupported token '\\text',True
gigachat,img_37_pert_5.1,geometry,task_formalization,medium,TaskSpec anchoring/goal diagnostic,H2 extraction diagnostic: extra_line (not a proven cause),extra_line,reported_structured,Unanchored mathematical statement; OCR exactness is not exact; Task has no explicit mathematical target,True
gigachat,img_20_pert_5.1,geometry,parser_limitation,medium,diagnostic reports parser/prose limitation,H2 extraction diagnostic: segmentation (not a proven cause),segmentation,reported_structured,Unanchored mathematical statement; Unsupported input at character 2; Task has no explicit mathematical target,True
gigachat,img_492_pert_5.1,linear_algebra,task_formalization,medium,TaskSpec anchoring/goal diagnostic,H2 extraction diagnostic: extra_line (not a proven cause),extra_line,missing_goal,Unanchored mathematical statement; Unanchored mathematical statement; goal is unknown,True
