provider,id,domain,gt_verdict,e2e_verdict,cas_verdict,e2e_correct,cas_correct,outcome,e2e_first_error_correct,cas_first_error_correct,e2e_latency_ms,assisted_vlm_latency_ms,cas_latency_ms,assisted_pipeline_latency_ms,e2e_cost_rub,assisted_api_cost_rub,verdict_agree
gemini,img_568_pert_5.2,algebraic_expression,correct,incorrect,incorrect,False,False,both_wrong,,,12276.0,12514.0,1601.0,14115.0,0.73566261,0.62675167,True
gemini,img_559_pert_3.2,algebraic_expression,incorrect,correct,incorrect,False,True,cas_correct_e2e_wrong,False,False,13802.0,22769.0,1388.0,24157.0,0.6456927,1.5302926,False
gemini,img_586_pert_3.2,algebraic_expression,incorrect,incorrect,incorrect,True,True,both_correct,False,False,16772.0,20568.0,1669.0,22237.0,0.97733949,1.20168353,True
gemini,img_35_pert_2.5,geometry,incorrect,correct,incorrect,False,True,cas_correct_e2e_wrong,False,True,14571.0,13573.0,1617.0,15190.0,0.63309513,0.74575854,False
gemini,img_395_pert_2.5,calculus,incorrect,incorrect,incorrect,True,True,both_correct,False,True,11186.0,12848.0,1821.0,14669.0,0.57234087,0.77568895,True
gemini,img_463_pert_1.3,linear_algebra,incorrect,incorrect,incorrect,True,True,both_correct,False,True,15783.0,12078.0,1547.0,13625.0,0.79043079,0.72931915,True
gemini,img_108_pert_1.4,trigonometry,incorrect,correct,correct,False,False,both_wrong,False,False,16319.0,9924.0,1849.0,11773.0,0.76729057,0.63425661,True
gemini,img_223_pert_2.2,algebraic_expression,incorrect,incorrect,incorrect,True,True,both_correct,False,True,12634.0,11040.0,1443.0,12483.0,0.5685884,0.67365753,True
gemini,img_573_pert_2.2,algebraic_expression,incorrect,incorrect,incorrect,True,True,both_correct,True,True,10368.0,13888.0,1885.0,15773.0,0.46584222,0.66829686,True
gemini,img_529_pert_4.5,equation,incorrect,incorrect,correct,True,False,cas_wrong_e2e_correct,False,False,9062.0,14031.0,1494.0,15525.0,0.40812568,0.66999441,False
gemini,img_160_pert_2.4,arithmetic,incorrect,incorrect,incorrect,True,True,both_correct,False,False,11032.0,12388.0,1413.0,13801.0,0.50300954,0.57948843,True
gemini,img_153_pert_1.5,arithmetic,incorrect,incorrect,incorrect,True,True,both_correct,True,True,8159.0,13050.0,1536.0,14586.0,0.45029628,0.63175496,True
gemini,img_194_pert_1.5,arithmetic,incorrect,incorrect,incorrect,True,True,both_correct,True,False,13416.0,11512.0,1728.0,13240.0,0.54634162,0.7001035,True
gemini,img_592_pert_5.1,equation,correct,incorrect,incorrect,False,False,both_wrong,,,19572.0,12349.0,2318.0,14667.0,1.0769586,0.65578863,True
gemini,img_455_pert_5.1,linear_algebra,correct,correct,incorrect,True,False,cas_wrong_e2e_correct,,,15698.0,22817.0,1181.0,23998.0,1.05953643,1.64929947,False
gemini,img_77_pert_5.1,geometry,correct,correct,incorrect,True,False,cas_wrong_e2e_correct,,,9408.0,9642.0,1310.0,10952.0,0.47549143,0.54214243,False
gemini,img_78_pert_5.1,geometry,correct,incorrect,incorrect,False,False,both_wrong,,,11245.0,9495.0,1393.0,10888.0,0.60298603,0.5936942,True
gigachat,img_559_pert_5.1,algebraic_expression,correct,correct,correct,True,True,both_correct,,,4513.0,7874.0,1450.0,9324.0,1.0915,1.148,True
gigachat,img_464_pert_5.1,linear_algebra,correct,incorrect,correct,False,True,cas_correct_e2e_wrong,,,5950.0,5485.0,1870.0,7355.0,1.119,1.0935,False
gigachat,img_559_pert_5.2,algebraic_expression,correct,correct,incorrect,True,False,cas_wrong_e2e_correct,,,5102.0,6824.0,1308.0,8132.0,1.1085,1.141,False
gigachat,img_193_pert_5.3,arithmetic,correct,correct,incorrect,True,False,cas_wrong_e2e_correct,,,6289.0,8633.0,1419.0,10052.0,1.2415,1.1935,False
gigachat,img_190_pert_3.2,arithmetic,incorrect,incorrect,correct,True,False,cas_wrong_e2e_correct,True,False,4411.0,6611.0,1816.0,8427.0,1.0705,1.1405,False
gigachat,img_395_pert_2.5,calculus,incorrect,incorrect,incorrect,True,True,both_correct,False,True,6537.0,8040.0,1730.0,9770.0,1.155,1.158,True
gigachat,img_108_pert_1.4,trigonometry,incorrect,correct,correct,False,False,both_wrong,False,False,8185.0,11627.0,1766.0,13393.0,1.1635,1.2395,True
gigachat,img_573_pert_2.2,algebraic_expression,incorrect,incorrect,incorrect,True,True,both_correct,True,True,7270.0,8423.0,2038.0,10461.0,1.1795,1.1995,True
gigachat,img_160_pert_2.4,arithmetic,incorrect,incorrect,incorrect,True,True,both_correct,False,True,6207.0,6958.0,1558.0,8516.0,0.7295,0.744,True
gigachat,img_153_pert_1.5,arithmetic,incorrect,incorrect,incorrect,True,True,both_correct,False,False,4658.0,5862.0,1697.0,7559.0,1.09,1.1175,True
gigachat,img_194_pert_1.5,arithmetic,incorrect,correct,incorrect,False,True,cas_correct_e2e_wrong,False,False,8564.0,10526.0,1578.0,12104.0,1.162,1.206,False
gigachat,img_220_pert_1.5,algebraic_expression,incorrect,incorrect,incorrect,True,True,both_correct,False,True,4911.0,7757.0,1460.0,9217.0,1.1005,1.1195,True
gigachat,img_489_pert_5.1,equation,correct,correct,correct,True,True,both_correct,,,9283.0,7750.0,1472.0,9222.0,1.2685,1.199,True
gigachat,img_490_pert_5.1,equation,correct,correct,correct,True,True,both_correct,,,8824.0,6291.0,1469.0,7760.0,1.2655,1.148,True
gigachat,img_483_pert_5.1,equation,correct,correct,correct,True,True,both_correct,,,5851.0,5427.0,1450.0,6877.0,1.151,1.134,True
gigachat,img_592_pert_5.1,equation,correct,correct,incorrect,True,False,cas_wrong_e2e_correct,,,7848.0,8821.0,1757.0,10578.0,0.9695,0.9795,False
