domain,provider,n,gt_correct,gt_incorrect,e2e_correct,e2e_accuracy,cas_covered,cas_coverage,cas_correct_determinate,cas_wrong_determinate,cas_selective_accuracy,cas_correct_determinate_over_n,cas_indeterminate,cas_missing,e2e_first_error_correct,cas_first_error_correct,first_error_denominator_gt_incorrect,e2e_latency_mean_ms,e2e_latency_median_ms,assisted_vlm_latency_mean_ms,cas_latency_mean_ms,pipeline_latency_mean_ms,pipeline_latency_median_ms,e2e_cost_mean_rub,assisted_api_cost_mean_rub
algebraic_expression,gemini,12,4,8,8,0.6666666666666666,5,0.4166666666666667,4,1,0.8,0.3333333333333333,7,0,1,2,8,14686.333333333334,14428.5,14644.5,1533.5,16178.0,14583.0,0.7780565775,0.8857315941666667
algebraic_expression,gigachat,12,4,8,8,0.6666666666666666,4,0.3333333333333333,3,1,0.75,0.25,8,0,1,2,8,6723.083333333333,6225.0,10397.083333333334,1572.1666666666667,11969.25,11371.0,1.1602083333333333,1.24075
arithmetic,gemini,10,3,7,9,0.9,3,0.3,3,0,1.0,0.3,7,0,3,1,7,13619.7,12571.0,15980.8,1532.2,17513.0,15082.5,0.659585771,0.788572427
arithmetic,gigachat,10,3,7,7,0.7,5,0.5,3,2,0.6,0.3,5,0,1,1,7,7056.1,6366.0,9711.1,1746.7,11457.8,10704.5,1.1279,1.1825999999999999
calculus,gemini,8,4,4,6,0.75,1,0.125,1,0,1.0,0.125,7,0,0,1,4,18200.625,18448.5,17093.625,1421.5,18515.125,18320.5,0.91712129375,1.00980504375
calculus,gigachat,8,4,4,4,0.5,1,0.125,1,0,1.0,0.125,7,0,0,1,4,10447.625,9218.5,11345.125,1348.125,12693.25,12590.5,1.30175,1.3545
equation,gemini,13,10,3,9,0.6923076923076923,2,0.15384615384615385,0,2,0.0,0.0,11,0,0,0,3,12733.23076923077,11788.0,12418.76923076923,1646.0,14064.76923076923,12682.0,0.6993681284615385,0.8204505438461538
equation,gigachat,13,10,3,11,0.8461538461538461,4,0.3076923076923077,3,1,0.75,0.23076923076923078,8,1,0,0,3,8670.461538461539,7848.0,10665.384615384615,1506.5833333333333,11572.25,9810.5,1.2212692307692308,1.2497307692307693
function,gemini,1,0,1,1,1.0,0,0.0,0,0,,0.0,1,0,0,0,1,19592.0,19592.0,20800.0,1579.0,22379.0,22379.0,1.11260706,1.56165252
function,gigachat,1,0,1,0,0.0,0,0.0,0,0,,0.0,1,0,0,0,1,5597.0,5597.0,4191.0,1110.0,5301.0,5301.0,1.128,1.0515
geometry,gemini,15,11,4,11,0.7333333333333333,3,0.2,1,2,0.3333333333333333,0.06666666666666667,12,0,1,1,4,13402.8,13258.0,13293.133333333333,1652.8,14945.933333333332,15190.0,0.7579451313333333,0.8295696386666667
geometry,gigachat,15,11,4,9,0.6,0,0.0,0,0,,0.0,15,0,0,0,4,6026.133333333333,6284.0,7798.333333333333,1539.8,9338.133333333333,9516.0,1.1292666666666666,1.1605
inequality,gemini,1,1,0,1,1.0,0,0.0,0,0,,0.0,1,0,0,0,0,11753.0,11753.0,16727.0,1408.0,18135.0,18135.0,0.81428577,1.10474474
inequality,gigachat,1,1,0,0,0.0,0,0.0,0,0,,0.0,1,0,0,0,0,3538.0,3538.0,8544.0,1409.0,9953.0,9953.0,1.1,1.2215
linear_algebra,gemini,12,6,6,8,0.6666666666666666,2,0.16666666666666666,1,1,0.5,0.08333333333333333,10,0,2,1,6,18239.166666666668,16196.5,17321.916666666668,1488.9166666666667,18810.833333333332,18950.0,1.1913418983333333,1.2573972666666666
linear_algebra,gigachat,12,6,6,4,0.3333333333333333,1,0.08333333333333333,1,0,1.0,0.08333333333333333,11,0,0,0,6,13331.5,13191.0,14655.916666666666,1509.6666666666667,16165.583333333334,15261.0,1.3544583333333333,1.3649583333333333
trigonometry,gemini,8,0,8,6,0.75,1,0.125,0,1,0.0,0.0,7,0,1,0,8,13045.375,13612.0,12517.75,10136.75,22654.5,22036.0,0.72352293,0.81524622875
trigonometry,gigachat,8,0,8,1,0.125,1,0.125,0,1,0.0,0.0,7,0,0,0,8,7243.125,7202.0,12370.125,8374.875,20745.0,19555.5,1.0836875,1.23275
