id,status,parse_status,covered,has_error,first_error_step,latency_ms,wall_ms
s01-arithmetic,VALID,OK,True,False,,56.674,982.295
s02-decimal,VALID,OK,True,False,,56.675,986.464
s03-linear,VALID,OK,True,False,,78.199,1014.503
s04-linear-error,INVALID,OK,True,True,3,69.2,1018.947
s05-fractions,VALID,OK,True,False,,215.847,1139.029
s06-distribution,VALID,OK,True,False,,64.407,989.515
s07-square,VALID,OK,True,False,,223.74,1206.249
s08-factor-equation,VALID,OK,True,False,,77.869,1037.535
s09-lost-root,INVALID,OK,True,True,2,70.6,1007.882
s10-multiple-variables,VALID,OK,True,False,,57.512,975.432
s11-multivariate-equation,VALID,OK,True,False,,60.268,1015.01
s12-square-root,VALID,OK,True,False,,67.42,1019.456
s13-radical-equation,VALID,OK,True,False,,79.207,1039.512
s14-cube-root,VALID,OK,True,False,,57.296,1008.059
s15-domain-loss,INVALID,OK,True,True,2,27.08,981.708
s16-rational-equation,VALID,OK,True,False,,240.582,1179.01
s17-false-first-equation,INVALID,OK,True,True,1,60.062,1031.712
s18-unsupported-trigonometry,UNSUPPORTED,PARSE_FAILED,False,,,0.903,935.423
s19-unsupported-inequality,UNSUPPORTED,PARSE_FAILED,False,,,0.696,955.842
s20-unsupported-prose,UNSUPPORTED,PARSE_FAILED,False,,,1.79,948.526
